id,provider,seed,cycle,intent,x,y,z,gripper,accepted,held,in_plate,sim_seconds
deepseek_seed0,deepseek,0,0,approach,positive,negative,hold,open,True,False,False,0.32
deepseek_seed0,deepseek,0,1,approach,positive,negative,hold,open,True,False,False,0.64
deepseek_seed0,deepseek,0,2,approach,positive,negative,hold,open,True,False,False,0.96
deepseek_seed0,deepseek,0,3,approach,positive,negative,hold,open,True,False,False,1.28
deepseek_seed0,deepseek,0,4,approach,positive,negative,hold,open,True,False,False,1.6
deepseek_seed0,deepseek,0,5,approach,positive,negative,hold,open,True,False,False,1.92
deepseek_seed0,deepseek,0,6,approach,positive,hold,hold,open,True,False,False,2.24
deepseek_seed0,deepseek,0,7,approach,positive,hold,hold,open,True,False,False,2.56
deepseek_seed0,deepseek,0,8,approach,positive,hold,hold,open,True,False,False,2.88
deepseek_seed0,deepseek,0,9,approach,positive,hold,hold,open,True,False,False,3.2
deepseek_seed0,deepseek,0,10,approach,positive,hold,hold,open,True,False,False,3.52
deepseek_seed0,deepseek,0,11,approach,positive,positive,hold,open,True,False,False,3.84
deepseek_seed0,deepseek,0,12,approach,positive,hold,hold,open,True,False,False,4.16
deepseek_seed0,deepseek,0,13,approach,positive,hold,hold,open,True,False,False,4.48
deepseek_seed0,deepseek,0,14,approach,positive,hold,hold,open,True,False,False,4.8
deepseek_seed0,deepseek,0,15,approach,hold,hold,hold,open,True,False,False,5.12
deepseek_seed0,deepseek,0,16,approach,hold,hold,hold,open,True,False,False,5.44
deepseek_seed0,deepseek,0,17,approach,hold,hold,hold,open,True,False,False,5.76
deepseek_seed0,deepseek,0,18,approach,hold,hold,hold,open,True,False,False,6.08
deepseek_seed0,deepseek,0,19,approach,hold,hold,hold,open,True,False,False,6.4
deepseek_seed0,deepseek,0,20,approach,hold,hold,hold,open,True,False,False,6.72
deepseek_seed0,deepseek,0,21,approach,hold,hold,hold,open,True,False,False,7.04
deepseek_seed0,deepseek,0,22,approach,hold,hold,hold,open,True,False,False,7.36
deepseek_seed0,deepseek,0,23,approach,hold,hold,hold,open,True,False,False,7.68
deepseek_seed0,deepseek,0,24,approach,hold,hold,hold,open,True,False,False,8.0
deepseek_seed0,deepseek,0,25,approach,hold,hold,hold,open,True,False,False,8.32
deepseek_seed0,deepseek,0,26,approach,hold,hold,hold,open,True,False,False,8.64
deepseek_seed0,deepseek,0,27,approach,hold,hold,hold,open,True,False,False,8.96
deepseek_seed0,deepseek,0,28,approach,hold,hold,hold,open,True,False,False,9.28
deepseek_seed0,deepseek,0,29,approach,hold,hold,hold,open,True,False,False,9.6
deepseek_seed0,deepseek,0,30,approach,hold,hold,hold,open,True,False,False,9.92
deepseek_seed0,deepseek,0,31,approach,hold,hold,hold,open,True,False,False,10.24
deepseek_seed0,deepseek,0,32,approach,hold,hold,hold,open,True,False,False,10.56
deepseek_seed0,deepseek,0,33,approach,hold,hold,hold,open,True,False,False,10.88
deepseek_seed0,deepseek,0,34,approach,hold,hold,hold,open,True,False,False,11.2
deepseek_seed0,deepseek,0,35,approach,hold,hold,hold,open,True,False,False,11.52
deepseek_seed0,deepseek,0,36,approach,hold,hold,hold,open,True,False,False,11.84
deepseek_seed0,deepseek,0,37,approach,hold,hold,hold,open,True,False,False,12.16
deepseek_seed0,deepseek,0,38,approach,hold,hold,hold,open,True,False,False,12.48
deepseek_seed0,deepseek,0,39,approach,hold,hold,hold,open,True,False,False,12.8
deepseek_seed0,deepseek,0,40,approach,hold,hold,hold,open,True,False,False,13.12
deepseek_seed0,deepseek,0,41,approach,hold,hold,hold,open,True,False,False,13.44
deepseek_seed0,deepseek,0,42,approach,hold,hold,hold,open,True,False,False,13.76
deepseek_seed0,deepseek,0,43,approach,hold,hold,hold,open,True,False,False,14.08
deepseek_seed0,deepseek,0,44,approach,hold,hold,hold,open,True,False,False,14.4
deepseek_seed0,deepseek,0,45,approach,hold,hold,hold,open,True,False,False,14.72
deepseek_seed0,deepseek,0,46,approach,hold,hold,hold,open,True,False,False,15.04
deepseek_seed0,deepseek,0,47,approach,hold,hold,hold,open,True,False,False,15.36
deepseek_seed0,deepseek,0,48,approach,hold,hold,hold,open,True,False,False,15.68
deepseek_seed0,deepseek,0,49,approach,hold,hold,hold,open,True,False,False,16.0
deepseek_seed0,deepseek,0,50,approach,hold,hold,hold,open,True,False,False,16.32
deepseek_seed0,deepseek,0,51,approach,hold,hold,hold,open,True,False,False,16.64
deepseek_seed0,deepseek,0,52,approach,hold,hold,hold,open,True,False,False,16.96
deepseek_seed0,deepseek,0,53,approach,hold,hold,hold,open,True,False,False,17.28
deepseek_seed0,deepseek,0,54,approach,hold,hold,hold,open,True,False,False,17.6
deepseek_seed0,deepseek,0,55,approach,hold,hold,hold,open,True,False,False,17.92
deepseek_seed0,deepseek,0,56,approach,hold,hold,hold,open,True,False,False,18.24
deepseek_seed0,deepseek,0,57,approach,hold,hold,hold,open,True,False,False,18.56
deepseek_seed0,deepseek,0,58,approach,hold,hold,hold,open,True,False,False,18.88
deepseek_seed0,deepseek,0,59,approach,hold,hold,hold,open,True,False,False,19.2
deepseek_seed0,deepseek,0,60,approach,hold,hold,hold,open,True,False,False,19.52
deepseek_seed0,deepseek,0,61,approach,hold,hold,hold,open,True,False,False,19.84
deepseek_seed0,deepseek,0,62,approach,hold,hold,hold,open,True,False,False,20.16
deepseek_seed0,deepseek,0,63,approach,hold,hold,hold,open,True,False,False,20.48
deepseek_seed0,deepseek,0,64,approach,hold,hold,hold,open,True,False,False,20.8
deepseek_seed0,deepseek,0,65,approach,hold,hold,hold,open,True,False,False,21.12
deepseek_seed0,deepseek,0,66,approach,hold,hold,hold,open,True,False,False,21.44
deepseek_seed0,deepseek,0,67,approach,hold,hold,hold,open,True,False,False,21.76
deepseek_seed0,deepseek,0,68,approach,hold,hold,hold,open,True,False,False,22.08
deepseek_seed0,deepseek,0,69,approach,hold,hold,hold,open,True,False,False,22.4
deepseek_seed0,deepseek,0,70,approach,hold,hold,hold,open,True,False,False,22.72
deepseek_seed0,deepseek,0,71,approach,hold,hold,hold,open,True,False,False,23.04
deepseek_seed0,deepseek,0,72,approach,hold,hold,hold,open,True,False,False,23.36
deepseek_seed0,deepseek,0,73,approach,hold,hold,hold,open,True,False,False,23.68
deepseek_seed0,deepseek,0,74,approach,hold,hold,hold,open,True,False,False,24.0
deepseek_seed0,deepseek,0,75,approach,hold,hold,hold,open,True,False,False,24.32
deepseek_seed0,deepseek,0,76,approach,hold,hold,hold,open,True,False,False,24.64
deepseek_seed0,deepseek,0,77,approach,hold,hold,hold,open,True,False,False,24.96
deepseek_seed0,deepseek,0,78,approach,hold,hold,hold,open,True,False,False,25.28
deepseek_seed0,deepseek,0,79,approach,hold,hold,hold,open,True,False,False,25.6
deepseek_seed0,deepseek,0,80,approach,hold,hold,hold,open,True,False,False,25.92
deepseek_seed0,deepseek,0,81,approach,hold,hold,hold,open,True,False,False,26.24
deepseek_seed0,deepseek,0,82,approach,hold,hold,hold,open,True,False,False,26.56
deepseek_seed0,deepseek,0,83,approach,hold,hold,hold,open,True,False,False,26.88
deepseek_seed0,deepseek,0,84,approach,hold,hold,hold,open,True,False,False,27.2
deepseek_seed0,deepseek,0,85,approach,hold,hold,hold,open,True,False,False,27.52
deepseek_seed0,deepseek,0,86,approach,hold,hold,hold,open,True,False,False,27.84
deepseek_seed0,deepseek,0,87,approach,hold,hold,hold,open,True,False,False,28.16
deepseek_seed0,deepseek,0,88,approach,hold,hold,hold,open,True,False,False,28.48
deepseek_seed0,deepseek,0,89,approach,hold,hold,hold,open,True,False,False,28.8
deepseek_seed0,deepseek,0,90,approach,hold,hold,hold,open,True,False,False,29.12
deepseek_seed0,deepseek,0,91,approach,hold,hold,hold,open,True,False,False,29.44
deepseek_seed0,deepseek,0,92,approach,hold,hold,hold,open,True,False,False,29.76
deepseek_seed0,deepseek,0,93,approach,hold,hold,hold,open,True,False,False,30.08
deepseek_seed0,deepseek,0,94,approach,hold,hold,hold,open,True,False,False,30.4
deepseek_seed0,deepseek,0,95,approach,hold,hold,hold,open,True,False,False,30.72
deepseek_seed0,deepseek,0,96,approach,hold,hold,hold,open,True,False,False,31.04
deepseek_seed0,deepseek,0,97,approach,hold,hold,hold,open,True,False,False,31.36
deepseek_seed0,deepseek,0,98,approach,hold,hold,hold,open,True,False,False,31.68
deepseek_seed0,deepseek,0,99,approach,hold,hold,hold,open,True,False,False,32.0
deepseek_seed0,deepseek,0,100,approach,hold,hold,hold,open,True,False,False,32.32
deepseek_seed0,deepseek,0,101,approach,hold,hold,hold,open,True,False,False,32.64
deepseek_seed0,deepseek,0,102,approach,hold,hold,hold,open,True,False,False,32.96
deepseek_seed0,deepseek,0,103,approach,hold,hold,hold,open,True,False,False,33.28
deepseek_seed0,deepseek,0,104,approach,hold,hold,hold,open,True,False,False,33.6
deepseek_seed0,deepseek,0,105,approach,hold,hold,hold,open,True,False,False,33.92
deepseek_seed0,deepseek,0,106,approach,hold,hold,hold,open,True,False,False,34.24
deepseek_seed0,deepseek,0,107,approach,hold,hold,hold,open,True,False,False,34.56
deepseek_seed0,deepseek,0,108,approach,hold,hold,hold,open,True,False,False,34.88
deepseek_seed0,deepseek,0,109,approach,hold,hold,hold,open,True,False,False,35.2
deepseek_seed0,deepseek,0,110,approach,hold,hold,hold,open,True,False,False,35.52
deepseek_seed0,deepseek,0,111,approach,hold,hold,hold,open,True,False,False,35.84
deepseek_seed0,deepseek,0,112,approach,hold,hold,hold,open,True,False,False,36.16
deepseek_seed0,deepseek,0,113,approach,hold,hold,hold,open,True,False,False,36.48
deepseek_seed0,deepseek,0,114,approach,hold,hold,hold,open,True,False,False,36.8
deepseek_seed0,deepseek,0,115,approach,hold,hold,hold,open,True,False,False,37.12
deepseek_seed0,deepseek,0,116,approach,hold,hold,hold,open,True,False,False,37.44
deepseek_seed0,deepseek,0,117,approach,hold,hold,hold,open,True,False,False,37.76
deepseek_seed0,deepseek,0,118,approach,hold,hold,hold,open,True,False,False,38.08
deepseek_seed0,deepseek,0,119,approach,hold,hold,hold,open,True,False,False,38.4
deepseek_seed0,deepseek,0,120,approach,hold,hold,hold,open,True,False,False,38.72
deepseek_seed0,deepseek,0,121,approach,hold,hold,hold,open,True,False,False,39.04
deepseek_seed0,deepseek,0,122,approach,hold,hold,hold,open,True,False,False,39.36
deepseek_seed0,deepseek,0,123,approach,hold,hold,hold,open,True,False,False,39.68
deepseek_seed0,deepseek,0,124,approach,hold,hold,hold,open,True,False,False,40.0
deepseek_seed0,deepseek,0,125,approach,hold,hold,hold,open,True,False,False,40.32
deepseek_seed0,deepseek,0,126,approach,hold,hold,hold,open,True,False,False,40.64
deepseek_seed0,deepseek,0,127,approach,hold,hold,hold,open,True,False,False,40.96
deepseek_seed0,deepseek,0,128,approach,hold,hold,hold,open,True,False,False,41.28
deepseek_seed0,deepseek,0,129,approach,hold,hold,hold,open,True,False,False,41.6
deepseek_seed0,deepseek,0,130,approach,hold,hold,hold,open,True,False,False,41.92
deepseek_seed0,deepseek,0,131,approach,hold,hold,hold,open,True,False,False,42.24
deepseek_seed0,deepseek,0,132,approach,hold,hold,hold,open,True,False,False,42.56
deepseek_seed0,deepseek,0,133,approach,hold,hold,hold,open,True,False,False,42.88
deepseek_seed0,deepseek,0,134,approach,hold,hold,hold,open,True,False,False,43.2
deepseek_seed0,deepseek,0,135,approach,hold,hold,hold,open,True,False,False,43.52
deepseek_seed0,deepseek,0,136,approach,hold,hold,hold,open,True,False,False,43.84
deepseek_seed0,deepseek,0,137,approach,hold,hold,hold,open,True,False,False,44.16
deepseek_seed0,deepseek,0,138,approach,hold,hold,hold,open,True,False,False,44.48
deepseek_seed0,deepseek,0,139,approach,hold,hold,hold,open,True,False,False,44.8
deepseek_seed0,deepseek,0,140,approach,hold,hold,hold,open,True,False,False,45.12
deepseek_seed0,deepseek,0,141,approach,hold,hold,hold,open,True,False,False,45.44
deepseek_seed0,deepseek,0,142,approach,hold,hold,hold,open,True,False,False,45.76
deepseek_seed0,deepseek,0,143,approach,hold,hold,hold,open,True,False,False,46.08
deepseek_seed0,deepseek,0,144,approach,hold,hold,hold,open,True,False,False,46.4
deepseek_seed0,deepseek,0,145,approach,hold,hold,hold,open,True,False,False,46.72
deepseek_seed0,deepseek,0,146,approach,hold,hold,hold,open,True,False,False,47.04
deepseek_seed0,deepseek,0,147,approach,hold,hold,hold,open,True,False,False,47.36
deepseek_seed0,deepseek,0,148,approach,hold,hold,hold,open,True,False,False,47.68
deepseek_seed0,deepseek,0,149,approach,hold,hold,hold,open,True,False,False,48.0
deepseek_seed0,deepseek,0,150,approach,hold,hold,hold,open,True,False,False,48.32
deepseek_seed0,deepseek,0,151,approach,hold,hold,hold,open,True,False,False,48.64
deepseek_seed0,deepseek,0,152,approach,hold,hold,hold,open,True,False,False,48.96
deepseek_seed0,deepseek,0,153,approach,hold,hold,hold,open,True,False,False,49.28
deepseek_seed0,deepseek,0,154,approach,hold,hold,hold,open,True,False,False,49.6
deepseek_seed0,deepseek,0,155,approach,hold,hold,hold,open,True,False,False,49.92
deepseek_seed0,deepseek,0,156,approach,hold,hold,hold,open,True,False,False,50.24
deepseek_seed0,deepseek,0,157,approach,hold,hold,hold,open,True,False,False,50.56
deepseek_seed0,deepseek,0,158,approach,hold,hold,hold,open,True,False,False,50.88
deepseek_seed0,deepseek,0,159,approach,hold,hold,hold,open,True,False,False,51.2
deepseek_seed1,deepseek,1,0,approach,positive,negative,hold,open,True,False,False,0.32
deepseek_seed1,deepseek,1,1,approach,positive,negative,hold,open,True,False,False,0.64
deepseek_seed1,deepseek,1,2,approach,positive,negative,hold,open,True,False,False,0.96
deepseek_seed1,deepseek,1,3,approach,positive,negative,hold,open,True,False,False,1.28
deepseek_seed1,deepseek,1,4,approach,positive,negative,hold,open,True,False,False,1.6
deepseek_seed1,deepseek,1,5,approach,positive,negative,hold,open,True,False,False,1.92
deepseek_seed1,deepseek,1,6,approach,positive,negative,hold,open,True,False,False,2.24
deepseek_seed1,deepseek,1,7,approach,positive,negative,hold,open,True,False,False,2.56
deepseek_seed1,deepseek,1,8,approach,positive,negative,hold,open,True,False,False,2.88
deepseek_seed1,deepseek,1,9,approach,positive,negative,hold,open,True,False,False,3.2
deepseek_seed1,deepseek,1,10,approach,positive,hold,hold,open,True,False,False,3.52
deepseek_seed1,deepseek,1,11,approach,positive,hold,hold,open,True,False,False,3.84
deepseek_seed1,deepseek,1,12,approach,positive,hold,hold,open,True,False,False,4.16
deepseek_seed1,deepseek,1,13,approach,positive,hold,hold,open,True,False,False,4.48
deepseek_seed1,deepseek,1,14,approach,hold,hold,hold,open,True,False,False,4.8
deepseek_seed1,deepseek,1,15,approach,hold,hold,hold,open,True,False,False,5.12
deepseek_seed1,deepseek,1,16,approach,hold,hold,hold,open,True,False,False,5.44
deepseek_seed1,deepseek,1,17,approach,hold,hold,hold,open,True,False,False,5.76
deepseek_seed1,deepseek,1,18,approach,hold,hold,hold,open,True,False,False,6.08
deepseek_seed1,deepseek,1,19,approach,hold,hold,hold,open,True,False,False,6.4
deepseek_seed1,deepseek,1,20,approach,hold,hold,hold,open,True,False,False,6.72
deepseek_seed1,deepseek,1,21,approach,hold,hold,hold,open,True,False,False,7.04
deepseek_seed1,deepseek,1,22,approach,hold,hold,hold,open,True,False,False,7.36
deepseek_seed1,deepseek,1,23,approach,hold,hold,hold,open,True,False,False,7.68
deepseek_seed1,deepseek,1,24,approach,hold,hold,hold,open,True,False,False,8.0
deepseek_seed1,deepseek,1,25,approach,hold,hold,hold,open,True,False,False,8.32
deepseek_seed1,deepseek,1,26,approach,hold,hold,hold,open,True,False,False,8.64
deepseek_seed1,deepseek,1,27,approach,hold,hold,hold,open,True,False,False,8.96
deepseek_seed1,deepseek,1,28,approach,hold,hold,hold,open,True,False,False,9.28
deepseek_seed1,deepseek,1,29,approach,hold,hold,hold,open,True,False,False,9.6
deepseek_seed1,deepseek,1,30,approach,hold,hold,hold,open,True,False,False,9.92
deepseek_seed1,deepseek,1,31,approach,hold,hold,hold,open,True,False,False,10.24
deepseek_seed1,deepseek,1,32,approach,hold,hold,hold,open,True,False,False,10.56
deepseek_seed1,deepseek,1,33,approach,hold,hold,hold,open,True,False,False,10.88
deepseek_seed1,deepseek,1,34,approach,hold,hold,hold,open,True,False,False,11.2
deepseek_seed1,deepseek,1,35,approach,hold,hold,hold,open,True,False,False,11.52
deepseek_seed1,deepseek,1,36,approach,hold,hold,hold,open,True,False,False,11.84
deepseek_seed1,deepseek,1,37,approach,hold,hold,hold,open,True,False,False,12.16
deepseek_seed1,deepseek,1,38,approach,hold,hold,hold,open,True,False,False,12.48
deepseek_seed1,deepseek,1,39,approach,hold,hold,hold,open,True,False,False,12.8
deepseek_seed1,deepseek,1,40,approach,hold,hold,hold,open,True,False,False,13.12
deepseek_seed1,deepseek,1,41,approach,hold,hold,hold,open,True,False,False,13.44
deepseek_seed1,deepseek,1,42,approach,hold,hold,hold,open,True,False,False,13.76
deepseek_seed1,deepseek,1,43,approach,hold,hold,hold,open,True,False,False,14.08
deepseek_seed1,deepseek,1,44,approach,hold,hold,hold,open,True,False,False,14.4
deepseek_seed1,deepseek,1,45,approach,hold,hold,hold,open,True,False,False,14.72
deepseek_seed1,deepseek,1,46,approach,hold,hold,hold,open,True,False,False,15.04
deepseek_seed1,deepseek,1,47,approach,hold,hold,hold,open,True,False,False,15.36
deepseek_seed1,deepseek,1,48,approach,hold,hold,hold,open,True,False,False,15.68
deepseek_seed1,deepseek,1,49,approach,hold,hold,hold,open,True,False,False,16.0
deepseek_seed1,deepseek,1,50,approach,hold,hold,hold,open,True,False,False,16.32
deepseek_seed1,deepseek,1,51,approach,hold,hold,hold,open,True,False,False,16.64
deepseek_seed1,deepseek,1,52,approach,hold,hold,hold,open,True,False,False,16.96
deepseek_seed1,deepseek,1,53,approach,hold,hold,hold,open,True,False,False,17.28
deepseek_seed1,deepseek,1,54,approach,hold,hold,hold,open,True,False,False,17.6
deepseek_seed1,deepseek,1,55,approach,hold,hold,hold,open,True,False,False,17.92
deepseek_seed1,deepseek,1,56,approach,hold,hold,hold,open,True,False,False,18.24
deepseek_seed1,deepseek,1,57,approach,hold,hold,hold,open,True,False,False,18.56
deepseek_seed1,deepseek,1,58,approach,hold,hold,hold,open,True,False,False,18.88
deepseek_seed1,deepseek,1,59,approach,hold,hold,hold,open,True,False,False,19.2
deepseek_seed1,deepseek,1,60,approach,hold,hold,hold,open,True,False,False,19.52
deepseek_seed1,deepseek,1,61,approach,hold,hold,hold,open,True,False,False,19.84
deepseek_seed1,deepseek,1,62,approach,hold,hold,hold,open,True,False,False,20.16
deepseek_seed1,deepseek,1,63,approach,hold,hold,hold,open,True,False,False,20.48
deepseek_seed1,deepseek,1,64,approach,hold,hold,hold,open,True,False,False,20.8
deepseek_seed1,deepseek,1,65,approach,hold,hold,hold,open,True,False,False,21.12
deepseek_seed1,deepseek,1,66,approach,hold,hold,hold,open,True,False,False,21.44
deepseek_seed1,deepseek,1,67,approach,hold,hold,hold,open,True,False,False,21.76
deepseek_seed1,deepseek,1,68,approach,hold,hold,hold,open,True,False,False,22.08
deepseek_seed1,deepseek,1,69,approach,hold,hold,hold,open,True,False,False,22.4
deepseek_seed1,deepseek,1,70,approach,hold,hold,hold,open,True,False,False,22.72
deepseek_seed1,deepseek,1,71,approach,hold,hold,hold,open,True,False,False,23.04
deepseek_seed1,deepseek,1,72,approach,hold,hold,hold,open,True,False,False,23.36
deepseek_seed1,deepseek,1,73,approach,hold,hold,hold,open,True,False,False,23.68
deepseek_seed1,deepseek,1,74,approach,hold,hold,hold,open,True,False,False,24.0
deepseek_seed1,deepseek,1,75,approach,hold,hold,hold,open,True,False,False,24.32
deepseek_seed1,deepseek,1,76,approach,hold,hold,hold,open,True,False,False,24.64
deepseek_seed1,deepseek,1,77,approach,hold,hold,hold,open,True,False,False,24.96
deepseek_seed1,deepseek,1,78,approach,hold,hold,hold,open,True,False,False,25.28
deepseek_seed1,deepseek,1,79,approach,hold,hold,hold,open,True,False,False,25.6
deepseek_seed1,deepseek,1,80,approach,hold,hold,hold,open,True,False,False,25.92
deepseek_seed1,deepseek,1,81,approach,hold,hold,hold,open,True,False,False,26.24
deepseek_seed1,deepseek,1,82,approach,hold,hold,hold,open,True,False,False,26.56
deepseek_seed1,deepseek,1,83,approach,hold,hold,hold,open,True,False,False,26.88
deepseek_seed1,deepseek,1,84,approach,hold,hold,hold,open,True,False,False,27.2
deepseek_seed1,deepseek,1,85,approach,hold,hold,hold,open,True,False,False,27.52
deepseek_seed1,deepseek,1,86,approach,hold,hold,hold,open,True,False,False,27.84
deepseek_seed1,deepseek,1,87,approach,hold,hold,hold,open,True,False,False,28.16
deepseek_seed1,deepseek,1,88,approach,hold,hold,hold,open,True,False,False,28.48
deepseek_seed1,deepseek,1,89,approach,hold,hold,hold,open,True,False,False,28.8
deepseek_seed1,deepseek,1,90,approach,hold,hold,hold,open,True,False,False,29.12
deepseek_seed1,deepseek,1,91,approach,hold,hold,hold,open,True,False,False,29.44
deepseek_seed1,deepseek,1,92,approach,hold,hold,hold,open,True,False,False,29.76
deepseek_seed1,deepseek,1,93,approach,hold,hold,hold,open,True,False,False,30.08
deepseek_seed1,deepseek,1,94,approach,hold,hold,hold,open,True,False,False,30.4
deepseek_seed1,deepseek,1,95,approach,hold,hold,hold,open,True,False,False,30.72
deepseek_seed1,deepseek,1,96,approach,hold,hold,hold,open,True,False,False,31.04
deepseek_seed1,deepseek,1,97,approach,hold,hold,hold,open,True,False,False,31.36
deepseek_seed1,deepseek,1,98,approach,hold,hold,hold,open,True,False,False,31.68
deepseek_seed1,deepseek,1,99,approach,hold,hold,hold,open,True,False,False,32.0
deepseek_seed1,deepseek,1,100,approach,hold,hold,hold,open,True,False,False,32.32
deepseek_seed1,deepseek,1,101,approach,hold,hold,hold,open,True,False,False,32.64
deepseek_seed1,deepseek,1,102,approach,hold,hold,hold,open,True,False,False,32.96
deepseek_seed1,deepseek,1,103,approach,hold,hold,hold,open,True,False,False,33.28
deepseek_seed1,deepseek,1,104,approach,hold,hold,hold,open,True,False,False,33.6
deepseek_seed1,deepseek,1,105,approach,hold,hold,hold,open,True,False,False,33.92
deepseek_seed1,deepseek,1,106,approach,hold,hold,hold,open,True,False,False,34.24
deepseek_seed1,deepseek,1,107,approach,hold,hold,hold,open,True,False,False,34.56
deepseek_seed1,deepseek,1,108,approach,hold,hold,hold,open,True,False,False,34.88
deepseek_seed1,deepseek,1,109,approach,hold,hold,hold,open,True,False,False,35.2
deepseek_seed1,deepseek,1,110,approach,hold,hold,hold,open,True,False,False,35.52
deepseek_seed1,deepseek,1,111,approach,hold,hold,hold,open,True,False,False,35.84
deepseek_seed1,deepseek,1,112,approach,hold,hold,hold,open,True,False,False,36.16
deepseek_seed1,deepseek,1,113,approach,hold,hold,hold,open,True,False,False,36.48
deepseek_seed1,deepseek,1,114,approach,hold,hold,hold,open,True,False,False,36.8
deepseek_seed1,deepseek,1,115,approach,hold,hold,hold,open,True,False,False,37.12
deepseek_seed1,deepseek,1,116,approach,hold,hold,hold,open,True,False,False,37.44
deepseek_seed1,deepseek,1,117,approach,hold,hold,hold,open,True,False,False,37.76
deepseek_seed1,deepseek,1,118,approach,hold,hold,hold,open,True,False,False,38.08
deepseek_seed1,deepseek,1,119,approach,hold,hold,hold,open,True,False,False,38.4
deepseek_seed1,deepseek,1,120,approach,hold,hold,hold,open,True,False,False,38.72
deepseek_seed1,deepseek,1,121,approach,hold,hold,hold,open,True,False,False,39.04
deepseek_seed1,deepseek,1,122,approach,hold,hold,hold,open,True,False,False,39.36
deepseek_seed1,deepseek,1,123,approach,hold,hold,hold,open,True,False,False,39.68
deepseek_seed1,deepseek,1,124,approach,hold,hold,hold,open,True,False,False,40.0
deepseek_seed1,deepseek,1,125,approach,hold,hold,hold,open,True,False,False,40.32
deepseek_seed1,deepseek,1,126,approach,hold,hold,hold,open,True,False,False,40.64
deepseek_seed1,deepseek,1,127,approach,hold,hold,hold,open,True,False,False,40.96
deepseek_seed1,deepseek,1,128,approach,hold,hold,hold,open,True,False,False,41.28
deepseek_seed1,deepseek,1,129,approach,hold,hold,hold,open,True,False,False,41.6
deepseek_seed1,deepseek,1,130,approach,hold,hold,hold,open,True,False,False,41.92
deepseek_seed1,deepseek,1,131,approach,hold,hold,hold,open,True,False,False,42.24
deepseek_seed1,deepseek,1,132,approach,hold,hold,hold,open,True,False,False,42.56
deepseek_seed1,deepseek,1,133,approach,hold,hold,hold,open,True,False,False,42.88
deepseek_seed1,deepseek,1,134,approach,hold,hold,hold,open,True,False,False,43.2
deepseek_seed1,deepseek,1,135,approach,hold,hold,hold,open,True,False,False,43.52
deepseek_seed1,deepseek,1,136,approach,hold,hold,hold,open,True,False,False,43.84
deepseek_seed1,deepseek,1,137,approach,hold,hold,hold,open,True,False,False,44.16
deepseek_seed1,deepseek,1,138,approach,hold,hold,hold,open,True,False,False,44.48
deepseek_seed1,deepseek,1,139,approach,hold,hold,hold,open,True,False,False,44.8
deepseek_seed1,deepseek,1,140,approach,hold,hold,hold,open,True,False,False,45.12
deepseek_seed1,deepseek,1,141,approach,hold,hold,hold,open,True,False,False,45.44
deepseek_seed1,deepseek,1,142,approach,hold,hold,hold,open,True,False,False,45.76
deepseek_seed1,deepseek,1,143,approach,hold,hold,hold,open,True,False,False,46.08
deepseek_seed1,deepseek,1,144,approach,hold,hold,hold,open,True,False,False,46.4
deepseek_seed1,deepseek,1,145,approach,hold,hold,hold,open,True,False,False,46.72
deepseek_seed1,deepseek,1,146,approach,hold,hold,hold,open,True,False,False,47.04
deepseek_seed1,deepseek,1,147,approach,hold,hold,hold,open,True,False,False,47.36
deepseek_seed1,deepseek,1,148,approach,hold,hold,hold,open,True,False,False,47.68
deepseek_seed1,deepseek,1,149,approach,hold,hold,hold,open,True,False,False,48.0
deepseek_seed1,deepseek,1,150,approach,hold,hold,hold,open,True,False,False,48.32
deepseek_seed1,deepseek,1,151,approach,hold,hold,hold,open,True,False,False,48.64
deepseek_seed1,deepseek,1,152,approach,hold,hold,hold,open,True,False,False,48.96
deepseek_seed1,deepseek,1,153,approach,hold,hold,hold,open,True,False,False,49.28
deepseek_seed1,deepseek,1,154,approach,hold,hold,hold,open,True,False,False,49.6
deepseek_seed1,deepseek,1,155,approach,hold,hold,hold,open,True,False,False,49.92
deepseek_seed1,deepseek,1,156,approach,hold,hold,hold,open,True,False,False,50.24
deepseek_seed1,deepseek,1,157,approach,hold,hold,hold,open,True,False,False,50.56
deepseek_seed1,deepseek,1,158,approach,hold,hold,hold,open,True,False,False,50.88
deepseek_seed1,deepseek,1,159,approach,hold,hold,hold,open,True,False,False,51.2
deepseek_seed2,deepseek,2,0,approach,positive,negative,hold,open,True,False,False,0.32
deepseek_seed2,deepseek,2,1,approach,positive,negative,hold,open,True,False,False,0.64
deepseek_seed2,deepseek,2,2,approach,positive,negative,hold,open,True,False,False,0.96
deepseek_seed2,deepseek,2,3,approach,positive,negative,hold,open,True,False,False,1.28
deepseek_seed2,deepseek,2,4,approach,positive,negative,hold,open,True,False,False,1.6
deepseek_seed2,deepseek,2,5,approach,positive,negative,hold,open,True,False,False,1.92
deepseek_seed2,deepseek,2,6,approach,positive,negative,hold,open,True,False,False,2.24
deepseek_seed2,deepseek,2,7,approach,positive,negative,hold,open,True,False,False,2.56
deepseek_seed2,deepseek,2,8,approach,positive,hold,hold,open,True,False,False,2.88
deepseek_seed2,deepseek,2,9,approach,positive,hold,hold,open,True,False,False,3.2
deepseek_seed2,deepseek,2,10,approach,positive,positive,hold,open,True,False,False,3.52
deepseek_seed2,deepseek,2,11,approach,positive,positive,hold,open,True,False,False,3.84
deepseek_seed2,deepseek,2,12,approach,positive,positive,hold,open,True,False,False,4.16
deepseek_seed2,deepseek,2,13,approach,hold,hold,hold,open,True,False,False,4.48
deepseek_seed2,deepseek,2,14,approach,hold,hold,hold,open,True,False,False,4.8
deepseek_seed2,deepseek,2,15,approach,hold,hold,hold,open,True,False,False,5.12
deepseek_seed2,deepseek,2,16,approach,hold,positive,hold,open,True,False,False,5.44
deepseek_seed2,deepseek,2,17,approach,hold,positive,hold,open,True,False,False,5.76
deepseek_seed2,deepseek,2,18,approach,hold,hold,hold,open,True,False,False,6.08
deepseek_seed2,deepseek,2,19,approach,negative,positive,hold,open,True,False,False,6.4
deepseek_seed2,deepseek,2,20,approach,positive,positive,hold,open,True,False,False,6.72
deepseek_seed2,deepseek,2,21,approach,negative,positive,hold,open,True,False,False,7.04
deepseek_seed2,deepseek,2,22,approach,hold,hold,hold,open,True,False,False,7.36
deepseek_seed2,deepseek,2,23,approach,positive,positive,hold,open,True,False,False,7.68
deepseek_seed2,deepseek,2,24,approach,hold,hold,hold,open,True,False,False,8.0
deepseek_seed2,deepseek,2,25,approach,hold,hold,hold,open,True,False,False,8.32
deepseek_seed2,deepseek,2,26,approach,hold,hold,hold,open,True,False,False,8.64
deepseek_seed2,deepseek,2,27,approach,hold,hold,hold,open,True,False,False,8.96
deepseek_seed2,deepseek,2,28,approach,hold,hold,hold,open,True,False,False,9.28
deepseek_seed2,deepseek,2,29,approach,hold,hold,negative,open,True,False,False,9.6
deepseek_seed2,deepseek,2,30,approach,hold,hold,hold,open,True,False,False,9.92
deepseek_seed2,deepseek,2,31,approach,hold,hold,hold,open,True,False,False,10.24
deepseek_seed2,deepseek,2,32,approach,hold,hold,hold,open,True,False,False,10.56
deepseek_seed2,deepseek,2,33,approach,hold,hold,hold,open,True,False,False,10.88
deepseek_seed2,deepseek,2,34,approach,hold,hold,hold,open,True,False,False,11.2
deepseek_seed2,deepseek,2,35,approach,hold,hold,hold,open,True,False,False,11.52
deepseek_seed2,deepseek,2,36,approach,hold,hold,hold,open,True,False,False,11.84
deepseek_seed2,deepseek,2,37,approach,hold,hold,hold,open,True,False,False,12.16
deepseek_seed2,deepseek,2,38,approach,hold,hold,hold,open,True,False,False,12.48
deepseek_seed2,deepseek,2,39,approach,hold,hold,hold,open,True,False,False,12.8
deepseek_seed2,deepseek,2,40,approach,hold,hold,hold,open,True,False,False,13.12
deepseek_seed2,deepseek,2,41,approach,hold,hold,hold,open,True,False,False,13.44
deepseek_seed2,deepseek,2,42,approach,hold,hold,hold,open,True,False,False,13.76
deepseek_seed2,deepseek,2,43,approach,hold,hold,hold,open,True,False,False,14.08
deepseek_seed2,deepseek,2,44,approach,hold,hold,hold,open,True,False,False,14.4
deepseek_seed2,deepseek,2,45,approach,hold,hold,hold,open,True,False,False,14.72
deepseek_seed2,deepseek,2,46,approach,hold,hold,hold,open,True,False,False,15.04
deepseek_seed2,deepseek,2,47,approach,hold,hold,hold,open,True,False,False,15.36
deepseek_seed2,deepseek,2,48,approach,hold,hold,hold,open,True,False,False,15.68
deepseek_seed2,deepseek,2,49,approach,hold,hold,hold,open,True,False,False,16.0
deepseek_seed2,deepseek,2,50,approach,hold,hold,hold,open,True,False,False,16.32
deepseek_seed2,deepseek,2,51,approach,hold,hold,hold,open,True,False,False,16.64
deepseek_seed2,deepseek,2,52,approach,hold,hold,hold,open,True,False,False,16.96
deepseek_seed2,deepseek,2,53,approach,hold,hold,hold,open,True,False,False,17.28
deepseek_seed2,deepseek,2,54,approach,hold,hold,hold,open,True,False,False,17.6
deepseek_seed2,deepseek,2,55,approach,hold,hold,hold,open,True,False,False,17.92
deepseek_seed2,deepseek,2,56,approach,hold,hold,hold,open,True,False,False,18.24
deepseek_seed2,deepseek,2,57,approach,hold,hold,hold,open,True,False,False,18.56
deepseek_seed2,deepseek,2,58,approach,hold,hold,hold,open,True,False,False,18.88
deepseek_seed2,deepseek,2,59,approach,hold,hold,hold,open,True,False,False,19.2
deepseek_seed2,deepseek,2,60,approach,hold,hold,hold,open,True,False,False,19.52
deepseek_seed2,deepseek,2,61,approach,hold,hold,hold,open,True,False,False,19.84
deepseek_seed2,deepseek,2,62,approach,hold,hold,hold,open,True,False,False,20.16
deepseek_seed2,deepseek,2,63,approach,hold,hold,hold,open,True,False,False,20.48
deepseek_seed2,deepseek,2,64,approach,hold,hold,hold,open,True,False,False,20.8
deepseek_seed2,deepseek,2,65,approach,hold,hold,hold,open,True,False,False,21.12
deepseek_seed2,deepseek,2,66,approach,hold,hold,hold,open,True,False,False,21.44
deepseek_seed2,deepseek,2,67,approach,hold,hold,hold,open,True,False,False,21.76
deepseek_seed2,deepseek,2,68,approach,hold,hold,hold,open,True,False,False,22.08
deepseek_seed2,deepseek,2,69,approach,hold,hold,hold,open,True,False,False,22.4
deepseek_seed2,deepseek,2,70,approach,hold,hold,hold,open,True,False,False,22.72
deepseek_seed2,deepseek,2,71,approach,hold,hold,hold,open,True,False,False,23.04
deepseek_seed2,deepseek,2,72,approach,hold,hold,hold,open,True,False,False,23.36
deepseek_seed2,deepseek,2,73,approach,hold,hold,hold,open,True,False,False,23.68
deepseek_seed2,deepseek,2,74,approach,hold,hold,hold,open,True,False,False,24.0
deepseek_seed2,deepseek,2,75,approach,hold,hold,hold,open,True,False,False,24.32
deepseek_seed2,deepseek,2,76,approach,hold,hold,hold,open,True,False,False,24.64
deepseek_seed2,deepseek,2,77,approach,hold,hold,hold,open,True,False,False,24.96
deepseek_seed2,deepseek,2,78,approach,hold,hold,hold,open,True,False,False,25.28
deepseek_seed2,deepseek,2,79,approach,hold,hold,hold,open,True,False,False,25.6
deepseek_seed2,deepseek,2,80,approach,hold,hold,hold,open,True,False,False,25.92
deepseek_seed2,deepseek,2,81,approach,hold,hold,hold,open,True,False,False,26.24
deepseek_seed2,deepseek,2,82,approach,hold,hold,hold,open,True,False,False,26.56
deepseek_seed2,deepseek,2,83,approach,hold,hold,hold,open,True,False,False,26.88
deepseek_seed2,deepseek,2,84,approach,hold,hold,hold,open,True,False,False,27.2
deepseek_seed2,deepseek,2,85,approach,hold,hold,hold,open,True,False,False,27.52
deepseek_seed2,deepseek,2,86,approach,hold,hold,hold,open,True,False,False,27.84
deepseek_seed2,deepseek,2,87,approach,hold,hold,hold,open,True,False,False,28.16
deepseek_seed2,deepseek,2,88,approach,hold,hold,hold,open,True,False,False,28.48
deepseek_seed2,deepseek,2,89,approach,hold,hold,hold,open,True,False,False,28.8
deepseek_seed2,deepseek,2,90,approach,hold,hold,hold,open,True,False,False,29.12
deepseek_seed2,deepseek,2,91,approach,hold,hold,hold,open,True,False,False,29.44
deepseek_seed2,deepseek,2,92,approach,hold,hold,hold,open,True,False,False,29.76
deepseek_seed2,deepseek,2,93,approach,hold,hold,hold,open,True,False,False,30.08
deepseek_seed2,deepseek,2,94,approach,hold,hold,hold,open,True,False,False,30.4
deepseek_seed2,deepseek,2,95,approach,hold,hold,hold,open,True,False,False,30.72
deepseek_seed2,deepseek,2,96,approach,hold,hold,hold,open,True,False,False,31.04
deepseek_seed2,deepseek,2,97,approach,hold,hold,hold,open,True,False,False,31.36
deepseek_seed2,deepseek,2,98,approach,hold,hold,hold,open,True,False,False,31.68
deepseek_seed2,deepseek,2,99,approach,hold,hold,hold,open,True,False,False,32.0
deepseek_seed2,deepseek,2,100,approach,hold,hold,hold,open,True,False,False,32.32
deepseek_seed2,deepseek,2,101,approach,hold,hold,hold,open,True,False,False,32.64
deepseek_seed2,deepseek,2,102,approach,hold,hold,hold,open,True,False,False,32.96
deepseek_seed2,deepseek,2,103,approach,hold,hold,hold,open,True,False,False,33.28
deepseek_seed2,deepseek,2,104,approach,hold,hold,hold,open,True,False,False,33.6
deepseek_seed2,deepseek,2,105,approach,hold,hold,hold,open,True,False,False,33.92
deepseek_seed2,deepseek,2,106,approach,hold,hold,hold,open,True,False,False,34.24
deepseek_seed2,deepseek,2,107,approach,hold,hold,hold,open,True,False,False,34.56
deepseek_seed2,deepseek,2,108,approach,hold,hold,hold,open,True,False,False,34.88
deepseek_seed2,deepseek,2,109,approach,hold,hold,hold,open,True,False,False,35.2
deepseek_seed2,deepseek,2,110,approach,hold,hold,hold,open,True,False,False,35.52
deepseek_seed2,deepseek,2,111,approach,hold,hold,hold,open,True,False,False,35.84
deepseek_seed2,deepseek,2,112,approach,hold,hold,hold,open,True,False,False,36.16
deepseek_seed2,deepseek,2,113,approach,hold,hold,hold,open,True,False,False,36.48
deepseek_seed2,deepseek,2,114,approach,hold,hold,hold,open,True,False,False,36.8
deepseek_seed2,deepseek,2,115,approach,hold,hold,hold,open,True,False,False,37.12
deepseek_seed2,deepseek,2,116,approach,hold,hold,hold,open,True,False,False,37.44
deepseek_seed2,deepseek,2,117,approach,hold,hold,hold,open,True,False,False,37.76
deepseek_seed2,deepseek,2,118,approach,hold,hold,hold,open,True,False,False,38.08
deepseek_seed2,deepseek,2,119,approach,hold,hold,hold,open,True,False,False,38.4
deepseek_seed2,deepseek,2,120,approach,hold,hold,hold,open,True,False,False,38.72
deepseek_seed2,deepseek,2,121,approach,hold,hold,hold,open,True,False,False,39.04
deepseek_seed2,deepseek,2,122,approach,hold,hold,hold,open,True,False,False,39.36
deepseek_seed2,deepseek,2,123,approach,hold,hold,hold,open,True,False,False,39.68
deepseek_seed2,deepseek,2,124,approach,hold,hold,hold,open,True,False,False,40.0
deepseek_seed2,deepseek,2,125,approach,hold,hold,hold,open,True,False,False,40.32
deepseek_seed2,deepseek,2,126,approach,hold,hold,hold,open,True,False,False,40.64
deepseek_seed2,deepseek,2,127,approach,hold,hold,hold,open,True,False,False,40.96
deepseek_seed2,deepseek,2,128,approach,hold,hold,hold,open,True,False,False,41.28
deepseek_seed2,deepseek,2,129,approach,hold,hold,hold,open,True,False,False,41.6
deepseek_seed2,deepseek,2,130,approach,hold,hold,hold,open,True,False,False,41.92
deepseek_seed2,deepseek,2,131,approach,hold,hold,hold,open,True,False,False,42.24
deepseek_seed2,deepseek,2,132,approach,hold,hold,hold,open,True,False,False,42.56
deepseek_seed2,deepseek,2,133,approach,hold,hold,hold,open,True,False,False,42.88
deepseek_seed2,deepseek,2,134,approach,hold,hold,hold,open,True,False,False,43.2
deepseek_seed2,deepseek,2,135,approach,hold,hold,hold,open,True,False,False,43.52
deepseek_seed2,deepseek,2,136,approach,hold,hold,hold,open,True,False,False,43.84
deepseek_seed2,deepseek,2,137,approach,hold,hold,hold,open,True,False,False,44.16
deepseek_seed2,deepseek,2,138,approach,hold,hold,hold,open,True,False,False,44.48
deepseek_seed2,deepseek,2,139,approach,hold,hold,hold,open,True,False,False,44.8
deepseek_seed2,deepseek,2,140,approach,hold,hold,hold,open,True,False,False,45.12
deepseek_seed2,deepseek,2,141,approach,hold,hold,hold,open,True,False,False,45.44
deepseek_seed2,deepseek,2,142,approach,hold,hold,hold,open,True,False,False,45.76
deepseek_seed2,deepseek,2,143,approach,hold,hold,hold,open,True,False,False,46.08
deepseek_seed2,deepseek,2,144,approach,hold,hold,hold,open,True,False,False,46.4
deepseek_seed2,deepseek,2,145,approach,hold,hold,hold,open,True,False,False,46.72
deepseek_seed2,deepseek,2,146,approach,hold,hold,hold,open,True,False,False,47.04
deepseek_seed2,deepseek,2,147,approach,hold,hold,hold,open,True,False,False,47.36
deepseek_seed2,deepseek,2,148,approach,hold,hold,hold,open,True,False,False,47.68
deepseek_seed2,deepseek,2,149,approach,hold,hold,hold,open,True,False,False,48.0
deepseek_seed2,deepseek,2,150,approach,hold,hold,hold,open,True,False,False,48.32
deepseek_seed2,deepseek,2,151,approach,hold,hold,hold,open,True,False,False,48.64
deepseek_seed2,deepseek,2,152,approach,hold,hold,hold,open,True,False,False,48.96
deepseek_seed2,deepseek,2,153,approach,hold,hold,hold,open,True,False,False,49.28
deepseek_seed2,deepseek,2,154,approach,hold,hold,hold,open,True,False,False,49.6
deepseek_seed2,deepseek,2,155,approach,hold,hold,hold,open,True,False,False,49.92
deepseek_seed2,deepseek,2,156,approach,hold,hold,hold,open,True,False,False,50.24
deepseek_seed2,deepseek,2,157,approach,hold,hold,hold,open,True,False,False,50.56
deepseek_seed2,deepseek,2,158,approach,hold,hold,hold,open,True,False,False,50.88
deepseek_seed2,deepseek,2,159,approach,hold,hold,hold,open,True,False,False,51.2
jev_seed0,jev,0,0,approach,positive,negative,hold,hold,True,False,False,0.32
jev_seed0,jev,0,1,approach,positive,negative,hold,hold,True,False,False,0.64
jev_seed0,jev,0,2,approach,positive,negative,hold,hold,True,False,False,0.96
jev_seed0,jev,0,3,approach,positive,negative,hold,hold,True,False,False,1.28
jev_seed0,jev,0,4,approach,positive,hold,hold,hold,True,False,False,1.6
jev_seed0,jev,0,5,approach,positive,negative,hold,hold,True,False,False,1.92
jev_seed0,jev,0,6,approach,positive,negative,hold,hold,True,False,False,2.24
jev_seed0,jev,0,7,approach,positive,hold,hold,hold,True,False,False,2.56
jev_seed0,jev,0,8,approach,positive,hold,hold,hold,True,False,False,2.88
jev_seed0,jev,0,9,approach,positive,positive,hold,hold,True,False,False,3.2
jev_seed0,jev,0,10,approach,positive,hold,hold,hold,True,False,False,3.52
jev_seed0,jev,0,11,approach,positive,hold,negative,open,True,False,False,3.84
jev_seed0,jev,0,12,approach,positive,positive,negative,hold,True,False,False,4.16
jev_seed0,jev,0,13,approach,positive,hold,negative,hold,True,False,False,4.48
jev_seed0,jev,0,14,approach,hold,hold,negative,hold,True,False,False,4.8
jev_seed0,jev,0,15,approach,hold,hold,negative,hold,True,False,False,5.12
jev_seed0,jev,0,16,approach,hold,hold,negative,hold,True,False,False,5.44
jev_seed0,jev,0,17,approach,hold,hold,negative,hold,True,False,False,5.76
jev_seed0,jev,0,18,approach,hold,hold,negative,hold,True,False,False,6.08
jev_seed0,jev,0,19,approach,positive,hold,negative,hold,True,False,False,6.4
jev_seed0,jev,0,20,approach,hold,hold,negative,hold,True,False,False,6.72
jev_seed0,jev,0,21,approach,hold,hold,negative,hold,True,False,False,7.04
jev_seed0,jev,0,22,approach,hold,hold,negative,hold,True,False,False,7.36
jev_seed0,jev,0,23,approach,positive,hold,negative,hold,True,False,False,7.68
jev_seed0,jev,0,24,approach,hold,hold,negative,hold,True,False,False,8.0
jev_seed0,jev,0,25,approach,hold,hold,negative,hold,True,False,False,8.32
jev_seed0,jev,0,26,approach,positive,hold,negative,hold,True,False,False,8.64
jev_seed0,jev,0,27,approach,hold,hold,negative,hold,True,False,False,8.96
jev_seed0,jev,0,28,approach,hold,hold,negative,hold,True,False,False,9.28
jev_seed0,jev,0,29,approach,positive,hold,negative,hold,True,False,False,9.6
jev_seed0,jev,0,30,grasp,hold,hold,negative,close,True,True,False,9.92
jev_seed0,jev,0,31,grasp,hold,hold,negative,hold,True,True,False,10.24
jev_seed0,jev,0,32,lift,hold,hold,positive,hold,True,True,False,10.56
jev_seed0,jev,0,33,lift,hold,hold,hold,hold,True,True,False,10.88
jev_seed0,jev,0,34,lift,hold,hold,positive,hold,True,True,False,11.2
jev_seed0,jev,0,35,lift,hold,hold,positive,hold,True,True,False,11.52
jev_seed0,jev,0,36,lift,hold,hold,positive,hold,True,True,False,11.84
jev_seed0,jev,0,37,lift,hold,hold,positive,hold,True,True,False,12.16
jev_seed0,jev,0,38,lift,hold,hold,positive,hold,True,True,False,12.48
jev_seed0,jev,0,39,lift,hold,hold,positive,hold,True,True,False,12.8
jev_seed0,jev,0,40,lift,hold,hold,positive,hold,True,True,False,13.12
jev_seed0,jev,0,41,lift,hold,hold,positive,hold,True,True,False,13.44
jev_seed0,jev,0,42,lift,hold,hold,positive,hold,True,True,False,13.76
jev_seed0,jev,0,43,lift,hold,hold,positive,hold,True,True,False,14.08
jev_seed0,jev,0,44,lift,hold,hold,positive,hold,True,True,False,14.4
jev_seed0,jev,0,45,lift,hold,hold,positive,hold,True,True,False,14.72
jev_seed0,jev,0,46,lift,hold,hold,positive,hold,True,True,False,15.04
jev_seed0,jev,0,47,lift,hold,hold,positive,hold,True,True,False,15.36
jev_seed0,jev,0,48,lift,hold,hold,positive,hold,True,True,False,15.68
jev_seed0,jev,0,49,lift,hold,hold,positive,hold,True,True,False,16.0
jev_seed0,jev,0,50,lift,hold,hold,positive,hold,True,True,False,16.32
jev_seed0,jev,0,51,lift,hold,hold,positive,hold,True,True,False,16.64
jev_seed0,jev,0,52,carry,positive,positive,hold,hold,True,True,False,16.96
jev_seed0,jev,0,53,carry,positive,positive,hold,hold,True,True,False,17.28
jev_seed0,jev,0,54,carry,positive,positive,hold,hold,True,True,False,17.6
jev_seed0,jev,0,55,carry,positive,positive,hold,hold,True,True,False,17.92
jev_seed0,jev,0,56,carry,positive,positive,hold,hold,True,True,False,18.24
jev_seed0,jev,0,57,carry,positive,positive,hold,hold,True,True,False,18.56
jev_seed0,jev,0,58,carry,positive,positive,hold,hold,True,True,False,18.88
jev_seed0,jev,0,59,carry,positive,positive,hold,hold,True,True,False,19.2
jev_seed0,jev,0,60,lift,hold,hold,positive,hold,True,True,False,19.52
jev_seed0,jev,0,61,carry,positive,positive,hold,hold,True,True,False,19.84
jev_seed0,jev,0,62,carry,positive,positive,hold,hold,True,True,False,20.16
jev_seed0,jev,0,63,carry,positive,positive,hold,hold,True,True,False,20.48
jev_seed0,jev,0,64,carry,positive,positive,hold,hold,True,True,False,20.8
jev_seed0,jev,0,65,carry,positive,positive,hold,hold,True,True,False,21.12
jev_seed0,jev,0,66,carry,hold,positive,hold,hold,True,True,False,21.44
jev_seed0,jev,0,67,carry,hold,positive,hold,hold,True,True,False,21.76
jev_seed0,jev,0,68,carry,hold,positive,hold,hold,True,True,False,22.08
jev_seed0,jev,0,69,carry,hold,positive,hold,hold,True,True,False,22.4
jev_seed0,jev,0,70,carry,hold,positive,hold,hold,True,True,False,22.72
jev_seed0,jev,0,71,carry,hold,positive,hold,hold,True,True,False,23.04
jev_seed0,jev,0,72,carry,hold,positive,hold,hold,True,True,False,23.36
jev_seed0,jev,0,73,carry,hold,positive,hold,hold,True,True,False,23.68
jev_seed0,jev,0,74,carry,hold,positive,hold,hold,True,True,False,24.0
jev_seed0,jev,0,75,carry,hold,positive,hold,hold,True,True,False,24.32
jev_seed0,jev,0,76,carry,hold,positive,hold,hold,True,True,False,24.64
jev_seed0,jev,0,77,lift,hold,hold,positive,hold,True,True,False,24.96
jev_seed0,jev,0,78,carry,hold,positive,hold,hold,True,True,False,25.28
jev_seed0,jev,0,79,carry,hold,positive,hold,hold,True,True,False,25.6
jev_seed0,jev,0,80,carry,hold,positive,hold,hold,True,True,False,25.92
jev_seed0,jev,0,81,carry,hold,positive,hold,hold,True,True,False,26.24
jev_seed0,jev,0,82,carry,hold,positive,hold,hold,True,True,False,26.56
jev_seed0,jev,0,83,carry,positive,positive,hold,hold,True,True,False,26.88
jev_seed0,jev,0,84,carry,hold,positive,hold,hold,True,True,False,27.2
jev_seed0,jev,0,85,carry,hold,positive,hold,hold,True,True,False,27.52
jev_seed0,jev,0,86,lower,hold,positive,negative,hold,True,True,False,27.84
jev_seed0,jev,0,87,lower,hold,positive,negative,hold,True,True,False,28.16
jev_seed0,jev,0,88,lower,hold,positive,negative,hold,True,True,False,28.48
jev_seed0,jev,0,89,lower,positive,positive,negative,hold,True,True,False,28.8
jev_seed0,jev,0,90,lower,hold,positive,negative,hold,True,True,False,29.12
jev_seed0,jev,0,91,lower,hold,hold,negative,hold,True,True,False,29.44
jev_seed0,jev,0,92,lower,hold,hold,negative,hold,True,True,False,29.76
jev_seed0,jev,0,93,lower,positive,hold,negative,hold,True,True,False,30.08
jev_seed0,jev,0,94,lower,hold,positive,negative,hold,True,True,False,30.4
jev_seed0,jev,0,95,lower,positive,hold,negative,hold,True,True,False,30.72
jev_seed0,jev,0,96,lower,hold,hold,negative,hold,True,True,False,31.04
jev_seed0,jev,0,97,lower,hold,hold,negative,hold,True,True,False,31.36
jev_seed0,jev,0,98,lower,positive,hold,negative,hold,True,True,False,31.68
jev_seed0,jev,0,99,lower,hold,hold,negative,hold,True,True,False,32.0
jev_seed0,jev,0,100,release,hold,hold,hold,open,True,False,True,32.32
jev_seed0,jev,0,101,withdraw,hold,hold,positive,hold,True,False,True,32.64
jev_seed0,jev,0,102,withdraw,hold,hold,positive,hold,True,False,True,32.96
jev_seed0,jev,0,103,withdraw,hold,hold,positive,hold,True,False,True,33.28
jev_seed0,jev,0,104,withdraw,hold,hold,positive,hold,True,False,True,33.6
jev_seed0,jev,0,105,withdraw,hold,hold,positive,hold,True,False,True,33.92
jev_seed0,jev,0,106,withdraw,hold,hold,positive,hold,True,False,True,34.24
jev_seed0,jev,0,107,withdraw,hold,hold,positive,hold,True,False,True,34.56
jev_seed0,jev,0,108,withdraw,hold,hold,positive,hold,True,False,True,34.88
jev_seed1,jev,1,0,approach,positive,negative,hold,hold,True,False,False,0.32
jev_seed1,jev,1,1,approach,positive,negative,hold,hold,True,False,False,0.64
jev_seed1,jev,1,2,approach,positive,negative,hold,hold,True,False,False,0.96
jev_seed1,jev,1,3,approach,positive,negative,hold,hold,True,False,False,1.28
jev_seed1,jev,1,4,approach,positive,negative,hold,hold,True,False,False,1.6
jev_seed1,jev,1,5,approach,positive,negative,hold,hold,True,False,False,1.92
jev_seed1,jev,1,6,approach,positive,negative,hold,hold,True,False,False,2.24
jev_seed1,jev,1,7,approach,positive,hold,hold,hold,True,False,False,2.56
jev_seed1,jev,1,8,approach,positive,negative,hold,hold,True,False,False,2.88
jev_seed1,jev,1,9,approach,positive,negative,hold,hold,True,False,False,3.2
jev_seed1,jev,1,10,approach,positive,negative,negative,hold,True,False,False,3.52
jev_seed1,jev,1,11,approach,positive,hold,negative,hold,True,False,False,3.84
jev_seed1,jev,1,12,approach,positive,hold,negative,hold,True,False,False,4.16
jev_seed1,jev,1,13,approach,positive,hold,negative,hold,True,False,False,4.48
jev_seed1,jev,1,14,approach,hold,hold,negative,hold,True,False,False,4.8
jev_seed1,jev,1,15,approach,hold,hold,negative,hold,True,False,False,5.12
jev_seed1,jev,1,16,approach,positive,hold,negative,hold,True,False,False,5.44
jev_seed1,jev,1,17,approach,hold,hold,negative,hold,True,False,False,5.76
jev_seed1,jev,1,18,approach,hold,hold,negative,hold,True,False,False,6.08
jev_seed1,jev,1,19,approach,hold,hold,negative,hold,True,False,False,6.4
jev_seed1,jev,1,20,approach,positive,hold,negative,hold,True,False,False,6.72
jev_seed1,jev,1,21,approach,hold,hold,negative,hold,True,False,False,7.04
jev_seed1,jev,1,22,approach,hold,hold,negative,hold,True,False,False,7.36
jev_seed1,jev,1,23,approach,hold,hold,negative,hold,True,False,False,7.68
jev_seed1,jev,1,24,approach,positive,hold,negative,hold,True,False,False,8.0
jev_seed1,jev,1,25,approach,hold,hold,negative,hold,True,False,False,8.32
jev_seed1,jev,1,26,approach,hold,hold,negative,hold,True,False,False,8.64
jev_seed1,jev,1,27,approach,positive,hold,negative,hold,True,False,False,8.96
jev_seed1,jev,1,28,approach,hold,hold,hold,hold,True,False,False,9.28
jev_seed1,jev,1,29,approach,hold,hold,negative,hold,True,False,False,9.6
jev_seed1,jev,1,30,grasp,hold,hold,hold,close,True,True,False,9.92
jev_seed1,jev,1,31,grasp,hold,hold,hold,hold,True,True,False,10.24
jev_seed1,jev,1,32,lift,hold,hold,positive,hold,True,True,False,10.56
jev_seed1,jev,1,33,lift,hold,hold,positive,hold,True,True,False,10.88
jev_seed1,jev,1,34,lift,hold,hold,positive,hold,True,True,False,11.2
jev_seed1,jev,1,35,lift,hold,hold,positive,hold,True,True,False,11.52
jev_seed1,jev,1,36,lift,hold,hold,positive,hold,True,True,False,11.84
jev_seed1,jev,1,37,lift,hold,hold,positive,hold,True,True,False,12.16
jev_seed1,jev,1,38,lift,hold,hold,positive,hold,True,True,False,12.48
jev_seed1,jev,1,39,lift,hold,hold,positive,hold,True,True,False,12.8
jev_seed1,jev,1,40,lift,hold,hold,positive,hold,True,True,False,13.12
jev_seed1,jev,1,41,lift,hold,hold,positive,hold,True,True,False,13.44
jev_seed1,jev,1,42,lift,hold,hold,positive,hold,True,True,False,13.76
jev_seed1,jev,1,43,lift,hold,hold,positive,hold,True,True,False,14.08
jev_seed1,jev,1,44,lift,hold,hold,positive,hold,True,True,False,14.4
jev_seed1,jev,1,45,lift,hold,hold,positive,hold,True,True,False,14.72
jev_seed1,jev,1,46,lift,hold,hold,positive,hold,True,True,False,15.04
jev_seed1,jev,1,47,lift,hold,hold,positive,hold,True,True,False,15.36
jev_seed1,jev,1,48,lift,hold,hold,positive,hold,True,True,False,15.68
jev_seed1,jev,1,49,lift,hold,hold,positive,hold,True,True,False,16.0
jev_seed1,jev,1,50,carry,positive,positive,hold,hold,True,True,False,16.32
jev_seed1,jev,1,51,carry,positive,positive,hold,hold,True,True,False,16.64
jev_seed1,jev,1,52,carry,positive,positive,hold,hold,True,True,False,16.96
jev_seed1,jev,1,53,carry,positive,positive,hold,hold,True,True,False,17.28
jev_seed1,jev,1,54,carry,positive,positive,hold,hold,True,True,False,17.6
jev_seed1,jev,1,55,carry,positive,positive,hold,hold,True,True,False,17.92
jev_seed1,jev,1,56,carry,positive,positive,hold,hold,True,True,False,18.24
jev_seed1,jev,1,57,carry,positive,positive,hold,hold,True,True,False,18.56
jev_seed1,jev,1,58,lift,hold,hold,positive,hold,True,True,False,18.88
jev_seed1,jev,1,59,carry,positive,positive,hold,hold,True,True,False,19.2
jev_seed1,jev,1,60,carry,positive,positive,hold,hold,True,True,False,19.52
jev_seed1,jev,1,61,carry,positive,positive,hold,hold,True,True,False,19.84
jev_seed1,jev,1,62,carry,positive,positive,hold,hold,True,True,False,20.16
jev_seed1,jev,1,63,carry,hold,positive,hold,hold,True,True,False,20.48
jev_seed1,jev,1,64,carry,hold,positive,hold,hold,True,True,False,20.8
jev_seed1,jev,1,65,carry,hold,positive,hold,hold,True,True,False,21.12
jev_seed1,jev,1,66,carry,hold,positive,hold,hold,True,True,False,21.44
jev_seed1,jev,1,67,carry,hold,positive,hold,hold,True,True,False,21.76
jev_seed1,jev,1,68,carry,hold,positive,hold,hold,True,True,False,22.08
jev_seed1,jev,1,69,carry,hold,positive,hold,hold,True,True,False,22.4
jev_seed1,jev,1,70,carry,hold,positive,hold,hold,True,True,False,22.72
jev_seed1,jev,1,71,carry,hold,positive,hold,hold,True,True,False,23.04
jev_seed1,jev,1,72,carry,hold,positive,hold,hold,True,True,False,23.36
jev_seed1,jev,1,73,carry,hold,positive,hold,hold,True,True,False,23.68
jev_seed1,jev,1,74,carry,hold,positive,hold,hold,True,True,False,24.0
jev_seed1,jev,1,75,lift,hold,hold,positive,hold,True,True,False,24.32
jev_seed1,jev,1,76,carry,hold,positive,hold,hold,True,True,False,24.64
jev_seed1,jev,1,77,carry,hold,positive,hold,hold,True,True,False,24.96
jev_seed1,jev,1,78,carry,hold,positive,hold,hold,True,True,False,25.28
jev_seed1,jev,1,79,carry,hold,positive,hold,hold,True,True,False,25.6
jev_seed1,jev,1,80,carry,hold,positive,hold,hold,True,True,False,25.92
jev_seed1,jev,1,81,carry,positive,positive,hold,hold,True,True,False,26.24
jev_seed1,jev,1,82,lower,hold,positive,negative,hold,True,True,False,26.56
jev_seed1,jev,1,83,lower,hold,positive,negative,hold,True,True,False,26.88
jev_seed1,jev,1,84,lower,hold,positive,negative,hold,True,True,False,27.2
jev_seed1,jev,1,85,lower,positive,positive,negative,hold,True,True,False,27.52
jev_seed1,jev,1,86,lower,hold,positive,negative,hold,True,True,False,27.84
jev_seed1,jev,1,87,lower,hold,hold,negative,hold,True,True,False,28.16
jev_seed1,jev,1,88,lower,positive,hold,negative,hold,True,True,False,28.48
jev_seed1,jev,1,89,lower,hold,hold,negative,hold,True,True,False,28.8
jev_seed1,jev,1,90,lower,hold,hold,negative,hold,True,True,False,29.12
jev_seed1,jev,1,91,lower,hold,hold,negative,hold,True,True,False,29.44
jev_seed1,jev,1,92,lower,positive,positive,negative,hold,True,True,False,29.76
jev_seed1,jev,1,93,lower,hold,hold,negative,hold,True,True,False,30.08
jev_seed1,jev,1,94,lower,hold,hold,negative,hold,True,True,False,30.4
jev_seed1,jev,1,95,lower,hold,hold,negative,hold,True,True,False,30.72
jev_seed1,jev,1,96,release,hold,hold,hold,open,True,False,True,31.04
jev_seed1,jev,1,97,withdraw,hold,hold,positive,hold,True,False,True,31.36
jev_seed1,jev,1,98,withdraw,hold,hold,positive,hold,True,False,True,31.68
jev_seed1,jev,1,99,withdraw,hold,hold,positive,hold,True,False,True,32.0
jev_seed1,jev,1,100,withdraw,hold,hold,positive,hold,True,False,True,32.32
jev_seed1,jev,1,101,withdraw,hold,hold,positive,hold,True,False,True,32.64
jev_seed1,jev,1,102,withdraw,hold,hold,positive,hold,True,False,True,32.96
jev_seed1,jev,1,103,withdraw,hold,hold,positive,hold,True,False,True,33.28
jev_seed1,jev,1,104,withdraw,hold,hold,positive,hold,True,False,True,33.6
jev_seed2,jev,2,0,approach,positive,negative,hold,hold,True,False,False,0.32
jev_seed2,jev,2,1,approach,positive,negative,hold,hold,True,False,False,0.64
jev_seed2,jev,2,2,approach,positive,negative,hold,hold,True,False,False,0.96
jev_seed2,jev,2,3,approach,positive,negative,hold,hold,True,False,False,1.28
jev_seed2,jev,2,4,approach,positive,negative,hold,hold,True,False,False,1.6
jev_seed2,jev,2,5,approach,positive,negative,hold,hold,True,False,False,1.92
jev_seed2,jev,2,6,approach,positive,negative,hold,hold,True,False,False,2.24
jev_seed2,jev,2,7,approach,positive,negative,hold,hold,True,False,False,2.56
jev_seed2,jev,2,8,approach,positive,hold,hold,hold,True,False,False,2.88
jev_seed2,jev,2,9,approach,positive,hold,negative,open,True,False,False,3.2
jev_seed2,jev,2,10,approach,positive,positive,negative,hold,True,False,False,3.52
jev_seed2,jev,2,11,approach,hold,positive,negative,hold,True,False,False,3.84
jev_seed2,jev,2,12,approach,hold,positive,negative,hold,True,False,False,4.16
jev_seed2,jev,2,13,approach,hold,positive,negative,hold,True,False,False,4.48
jev_seed2,jev,2,14,approach,hold,positive,negative,hold,True,False,False,4.8
jev_seed2,jev,2,15,approach,hold,positive,negative,hold,True,False,False,5.12
jev_seed2,jev,2,16,approach,hold,positive,negative,hold,True,False,False,5.44
jev_seed2,jev,2,17,approach,positive,hold,negative,hold,True,False,False,5.76
jev_seed2,jev,2,18,approach,hold,positive,negative,hold,True,False,False,6.08
jev_seed2,jev,2,19,approach,hold,negative,negative,hold,True,False,False,6.4
jev_seed2,jev,2,20,approach,hold,positive,negative,hold,True,False,False,6.72
jev_seed2,jev,2,21,approach,hold,hold,negative,hold,True,False,False,7.04
jev_seed2,jev,2,22,approach,positive,hold,negative,hold,True,False,False,7.36
jev_seed2,jev,2,23,approach,hold,hold,negative,hold,True,False,False,7.68
jev_seed2,jev,2,24,approach,hold,hold,negative,hold,True,False,False,8.0
jev_seed2,jev,2,25,approach,positive,hold,negative,hold,True,False,False,8.32
jev_seed2,jev,2,26,approach,hold,hold,negative,hold,True,False,False,8.64
jev_seed2,jev,2,27,approach,hold,hold,negative,hold,True,False,False,8.96
jev_seed2,jev,2,28,approach,positive,hold,hold,hold,True,False,False,9.28
jev_seed2,jev,2,29,approach,hold,hold,negative,hold,True,False,False,9.6
jev_seed2,jev,2,30,grasp,hold,hold,hold,close,True,True,False,9.92
jev_seed2,jev,2,31,grasp,hold,hold,hold,hold,True,True,False,10.24
jev_seed2,jev,2,32,lift,hold,hold,positive,hold,True,True,False,10.56
jev_seed2,jev,2,33,lift,hold,hold,hold,hold,True,True,False,10.88
jev_seed2,jev,2,34,lift,hold,hold,positive,hold,True,True,False,11.2
jev_seed2,jev,2,35,lift,hold,hold,positive,hold,True,True,False,11.52
jev_seed2,jev,2,36,lift,hold,hold,positive,hold,True,True,False,11.84
jev_seed2,jev,2,37,lift,hold,hold,positive,hold,True,True,False,12.16
jev_seed2,jev,2,38,lift,hold,hold,positive,hold,True,True,False,12.48
jev_seed2,jev,2,39,lift,hold,hold,positive,hold,True,True,False,12.8
jev_seed2,jev,2,40,lift,hold,hold,positive,hold,True,True,False,13.12
jev_seed2,jev,2,41,lift,hold,hold,positive,hold,True,True,False,13.44
jev_seed2,jev,2,42,lift,hold,hold,positive,hold,True,True,False,13.76
jev_seed2,jev,2,43,lift,hold,hold,positive,hold,True,True,False,14.08
jev_seed2,jev,2,44,lift,hold,hold,positive,hold,True,True,False,14.4
jev_seed2,jev,2,45,lift,hold,hold,positive,hold,True,True,False,14.72
jev_seed2,jev,2,46,lift,hold,hold,positive,hold,True,True,False,15.04
jev_seed2,jev,2,47,lift,hold,hold,positive,hold,True,True,False,15.36
jev_seed2,jev,2,48,lift,hold,hold,positive,hold,True,True,False,15.68
jev_seed2,jev,2,49,lift,hold,hold,positive,hold,True,True,False,16.0
jev_seed2,jev,2,50,lift,hold,hold,positive,hold,True,True,False,16.32
jev_seed2,jev,2,51,carry,positive,positive,hold,hold,True,True,False,16.64
jev_seed2,jev,2,52,carry,positive,positive,hold,hold,True,True,False,16.96
jev_seed2,jev,2,53,carry,positive,positive,hold,hold,True,True,False,17.28
jev_seed2,jev,2,54,carry,positive,positive,hold,hold,True,True,False,17.6
jev_seed2,jev,2,55,carry,positive,positive,hold,hold,True,True,False,17.92
jev_seed2,jev,2,56,carry,positive,positive,hold,hold,True,True,False,18.24
jev_seed2,jev,2,57,carry,positive,positive,hold,hold,True,True,False,18.56
jev_seed2,jev,2,58,carry,positive,positive,hold,hold,True,True,False,18.88
jev_seed2,jev,2,59,carry,positive,positive,hold,hold,True,True,False,19.2
jev_seed2,jev,2,60,carry,positive,positive,hold,hold,True,True,False,19.52
jev_seed2,jev,2,61,carry,positive,positive,hold,hold,True,True,False,19.84
jev_seed2,jev,2,62,carry,positive,positive,hold,hold,True,True,False,20.16
jev_seed2,jev,2,63,carry,positive,positive,hold,hold,True,True,False,20.48
jev_seed2,jev,2,64,carry,hold,positive,hold,hold,True,True,False,20.8
jev_seed2,jev,2,65,carry,hold,positive,hold,hold,True,True,False,21.12
jev_seed2,jev,2,66,lift,hold,hold,positive,hold,True,True,False,21.44
jev_seed2,jev,2,67,carry,hold,positive,hold,hold,True,True,False,21.76
jev_seed2,jev,2,68,carry,hold,positive,hold,hold,True,True,False,22.08
jev_seed2,jev,2,69,carry,hold,positive,hold,hold,True,True,False,22.4
jev_seed2,jev,2,70,carry,positive,positive,hold,hold,True,True,False,22.72
jev_seed2,jev,2,71,carry,hold,positive,hold,hold,True,True,False,23.04
jev_seed2,jev,2,72,carry,hold,positive,hold,hold,True,True,False,23.36
jev_seed2,jev,2,73,carry,hold,positive,hold,hold,True,True,False,23.68
jev_seed2,jev,2,74,carry,hold,positive,hold,hold,True,True,False,24.0
jev_seed2,jev,2,75,carry,hold,positive,hold,hold,True,True,False,24.32
jev_seed2,jev,2,76,carry,hold,positive,hold,hold,True,True,False,24.64
jev_seed2,jev,2,77,carry,hold,positive,hold,hold,True,True,False,24.96
jev_seed2,jev,2,78,carry,hold,positive,hold,hold,True,True,False,25.28
jev_seed2,jev,2,79,lift,hold,hold,positive,hold,True,True,False,25.6
jev_seed2,jev,2,80,carry,hold,positive,hold,hold,True,True,False,25.92
jev_seed2,jev,2,81,carry,hold,positive,hold,hold,True,True,False,26.24
jev_seed2,jev,2,82,lower,hold,positive,negative,hold,True,True,False,26.56
jev_seed2,jev,2,83,lower,hold,positive,negative,hold,True,True,False,26.88
jev_seed2,jev,2,84,lower,positive,positive,negative,hold,True,True,False,27.2
jev_seed2,jev,2,85,lower,hold,positive,negative,hold,True,True,False,27.52
jev_seed2,jev,2,86,lower,hold,hold,negative,hold,True,True,False,27.84
jev_seed2,jev,2,87,lower,positive,positive,negative,hold,True,True,False,28.16
jev_seed2,jev,2,88,lower,hold,hold,negative,hold,True,True,False,28.48
jev_seed2,jev,2,89,lower,hold,hold,negative,hold,True,True,False,28.8
jev_seed2,jev,2,90,lower,positive,hold,negative,hold,True,True,False,29.12
jev_seed2,jev,2,91,lower,hold,hold,negative,hold,True,True,False,29.44
jev_seed2,jev,2,92,lower,hold,hold,negative,hold,True,True,False,29.76
jev_seed2,jev,2,93,lower,hold,hold,negative,hold,True,True,False,30.08
jev_seed2,jev,2,94,lower,positive,positive,negative,hold,True,True,False,30.4
jev_seed2,jev,2,95,lower,hold,hold,negative,hold,True,True,False,30.72
jev_seed2,jev,2,96,lower,hold,hold,negative,hold,True,True,False,31.04
jev_seed2,jev,2,97,release,hold,hold,hold,open,True,False,True,31.36
jev_seed2,jev,2,98,withdraw,hold,hold,positive,hold,True,False,True,31.68
jev_seed2,jev,2,99,withdraw,hold,hold,positive,hold,True,False,True,32.0
jev_seed2,jev,2,100,withdraw,hold,hold,positive,hold,True,False,True,32.32
jev_seed2,jev,2,101,withdraw,hold,hold,positive,hold,True,False,True,32.64
jev_seed2,jev,2,102,withdraw,hold,hold,positive,hold,True,False,True,32.96
jev_seed2,jev,2,103,withdraw,hold,hold,positive,hold,True,False,True,33.28
jev_seed2,jev,2,104,withdraw,hold,hold,positive,hold,True,False,True,33.6
jev_seed2,jev,2,105,withdraw,hold,hold,positive,hold,True,False,True,33.92
rules_seed0,rules,0,0,approach,positive,negative,hold,open,True,False,False,0.32
rules_seed0,rules,0,1,approach,positive,negative,hold,open,True,False,False,0.64
rules_seed0,rules,0,2,approach,positive,negative,hold,open,True,False,False,0.96
rules_seed0,rules,0,3,approach,positive,negative,hold,open,True,False,False,1.28
rules_seed0,rules,0,4,approach,positive,negative,hold,open,True,False,False,1.6
rules_seed0,rules,0,5,approach,positive,negative,hold,open,True,False,False,1.92
rules_seed0,rules,0,6,approach,positive,hold,hold,open,True,False,False,2.24
rules_seed0,rules,0,7,approach,positive,hold,hold,open,True,False,False,2.56
rules_seed0,rules,0,8,approach,positive,positive,hold,open,True,False,False,2.88
rules_seed0,rules,0,9,approach,positive,hold,hold,open,True,False,False,3.2
rules_seed0,rules,0,10,approach,positive,hold,hold,open,True,False,False,3.52
rules_seed0,rules,0,11,approach,positive,hold,negative,open,True,False,False,3.84
rules_seed0,rules,0,12,approach,positive,hold,negative,open,True,False,False,4.16
rules_seed0,rules,0,13,approach,positive,positive,negative,open,True,False,False,4.48
rules_seed0,rules,0,14,approach,hold,hold,negative,open,True,False,False,4.8
rules_seed0,rules,0,15,approach,hold,hold,negative,open,True,False,False,5.12
rules_seed0,rules,0,16,approach,hold,hold,negative,open,True,False,False,5.44
rules_seed0,rules,0,17,approach,hold,hold,negative,open,True,False,False,5.76
rules_seed0,rules,0,18,approach,positive,hold,negative,open,True,False,False,6.08
rules_seed0,rules,0,19,approach,hold,hold,negative,open,True,False,False,6.4
rules_seed0,rules,0,20,approach,hold,hold,negative,open,True,False,False,6.72
rules_seed0,rules,0,21,approach,hold,hold,negative,open,True,False,False,7.04
rules_seed0,rules,0,22,approach,positive,hold,negative,open,True,False,False,7.36
rules_seed0,rules,0,23,approach,hold,hold,negative,open,True,False,False,7.68
rules_seed0,rules,0,24,approach,hold,hold,negative,open,True,False,False,8.0
rules_seed0,rules,0,25,approach,positive,hold,negative,open,True,False,False,8.32
rules_seed0,rules,0,26,approach,hold,hold,negative,open,True,False,False,8.64
rules_seed0,rules,0,27,approach,hold,hold,negative,open,True,False,False,8.96
rules_seed0,rules,0,28,approach,positive,hold,negative,open,True,False,False,9.28
rules_seed0,rules,0,29,approach,hold,hold,negative,open,True,False,False,9.6
rules_seed0,rules,0,30,grasp,hold,hold,hold,close,True,True,False,9.92
rules_seed0,rules,0,31,grasp,hold,hold,hold,close,True,True,False,10.24
rules_seed0,rules,0,32,lift,hold,hold,positive,close,True,True,False,10.56
rules_seed0,rules,0,33,lift,hold,hold,positive,close,True,True,False,10.88
rules_seed0,rules,0,34,lift,hold,hold,positive,close,True,True,False,11.2
rules_seed0,rules,0,35,lift,hold,hold,positive,close,True,True,False,11.52
rules_seed0,rules,0,36,lift,hold,hold,positive,close,True,True,False,11.84
rules_seed0,rules,0,37,lift,hold,hold,positive,close,True,True,False,12.16
rules_seed0,rules,0,38,lift,hold,hold,positive,close,True,True,False,12.48
rules_seed0,rules,0,39,lift,hold,hold,positive,close,True,True,False,12.8
rules_seed0,rules,0,40,lift,hold,hold,positive,close,True,True,False,13.12
rules_seed0,rules,0,41,lift,hold,hold,positive,close,True,True,False,13.44
rules_seed0,rules,0,42,lift,hold,hold,positive,close,True,True,False,13.76
rules_seed0,rules,0,43,lift,hold,hold,positive,close,True,True,False,14.08
rules_seed0,rules,0,44,lift,hold,hold,positive,close,True,True,False,14.4
rules_seed0,rules,0,45,lift,hold,hold,positive,close,True,True,False,14.72
rules_seed0,rules,0,46,lift,hold,hold,positive,close,True,True,False,15.04
rules_seed0,rules,0,47,lift,hold,hold,positive,close,True,True,False,15.36
rules_seed0,rules,0,48,lift,hold,hold,positive,close,True,True,False,15.68
rules_seed0,rules,0,49,lift,hold,hold,positive,close,True,True,False,16.0
rules_seed0,rules,0,50,carry,positive,positive,positive,close,True,True,False,16.32
rules_seed0,rules,0,51,carry,positive,positive,hold,close,True,True,False,16.64
rules_seed0,rules,0,52,carry,positive,positive,hold,close,True,True,False,16.96
rules_seed0,rules,0,53,carry,positive,positive,hold,close,True,True,False,17.28
rules_seed0,rules,0,54,carry,positive,positive,hold,close,True,True,False,17.6
rules_seed0,rules,0,55,carry,positive,positive,hold,close,True,True,False,17.92
rules_seed0,rules,0,56,carry,positive,positive,hold,close,True,True,False,18.24
rules_seed0,rules,0,57,carry,positive,positive,hold,close,True,True,False,18.56
rules_seed0,rules,0,58,carry,positive,positive,hold,close,True,True,False,18.88
rules_seed0,rules,0,59,carry,positive,positive,positive,close,True,True,False,19.2
rules_seed0,rules,0,60,carry,positive,positive,hold,close,True,True,False,19.52
rules_seed0,rules,0,61,carry,positive,positive,hold,close,True,True,False,19.84
rules_seed0,rules,0,62,carry,hold,positive,hold,close,True,True,False,20.16
rules_seed0,rules,0,63,carry,hold,positive,hold,close,True,True,False,20.48
rules_seed0,rules,0,64,carry,hold,positive,hold,close,True,True,False,20.8
rules_seed0,rules,0,65,carry,hold,positive,hold,close,True,True,False,21.12
rules_seed0,rules,0,66,carry,hold,positive,hold,close,True,True,False,21.44
rules_seed0,rules,0,67,carry,hold,positive,hold,close,True,True,False,21.76
rules_seed0,rules,0,68,carry,hold,positive,hold,close,True,True,False,22.08
rules_seed0,rules,0,69,carry,hold,positive,hold,close,True,True,False,22.4
rules_seed0,rules,0,70,carry,hold,positive,hold,close,True,True,False,22.72
rules_seed0,rules,0,71,carry,hold,positive,hold,close,True,True,False,23.04
rules_seed0,rules,0,72,carry,hold,positive,hold,close,True,True,False,23.36
rules_seed0,rules,0,73,carry,hold,positive,positive,close,True,True,False,23.68
rules_seed0,rules,0,74,carry,positive,positive,hold,close,True,True,False,24.0
rules_seed0,rules,0,75,carry,hold,positive,hold,close,True,True,False,24.32
rules_seed0,rules,0,76,carry,hold,positive,hold,close,True,True,False,24.64
rules_seed0,rules,0,77,carry,hold,positive,hold,close,True,True,False,24.96
rules_seed0,rules,0,78,carry,hold,positive,hold,close,True,True,False,25.28
rules_seed0,rules,0,79,carry,hold,positive,hold,close,True,True,False,25.6
rules_seed0,rules,0,80,carry,hold,positive,positive,close,True,True,False,25.92
rules_seed0,rules,0,81,carry,hold,positive,hold,close,True,True,False,26.24
rules_seed0,rules,0,82,lower,positive,positive,negative,close,True,True,False,26.56
rules_seed0,rules,0,83,lower,hold,positive,negative,close,True,True,False,26.88
rules_seed0,rules,0,84,lower,hold,positive,negative,close,True,True,False,27.2
rules_seed0,rules,0,85,lower,hold,hold,negative,close,True,True,False,27.52
rules_seed0,rules,0,86,lower,positive,hold,negative,close,True,True,False,27.84
rules_seed0,rules,0,87,lower,hold,hold,negative,close,True,True,False,28.16
rules_seed0,rules,0,88,lower,positive,hold,negative,close,True,True,False,28.48
rules_seed0,rules,0,89,lower,hold,hold,negative,close,True,True,False,28.8
rules_seed0,rules,0,90,lower,hold,positive,negative,close,True,True,False,29.12
rules_seed0,rules,0,91,lower,positive,hold,negative,close,True,True,False,29.44
rules_seed0,rules,0,92,lower,hold,hold,negative,close,True,True,False,29.76
rules_seed0,rules,0,93,lower,hold,hold,negative,close,True,True,False,30.08
rules_seed0,rules,0,94,lower,positive,hold,negative,close,True,True,False,30.4
rules_seed0,rules,0,95,lower,hold,hold,negative,close,True,True,False,30.72
rules_seed0,rules,0,96,lower,hold,hold,negative,close,True,True,False,31.04
rules_seed0,rules,0,97,release,hold,hold,hold,open,True,False,True,31.36
rules_seed0,rules,0,98,withdraw,hold,hold,positive,open,True,False,True,31.68
rules_seed0,rules,0,99,withdraw,hold,hold,positive,open,True,False,True,32.0
rules_seed0,rules,0,100,withdraw,hold,hold,positive,open,True,False,True,32.32
rules_seed0,rules,0,101,withdraw,hold,hold,positive,open,True,False,True,32.64
rules_seed0,rules,0,102,withdraw,hold,hold,positive,open,True,False,True,32.96
rules_seed0,rules,0,103,withdraw,hold,hold,positive,open,True,False,True,33.28
rules_seed0,rules,0,104,withdraw,hold,hold,positive,open,True,False,True,33.6
rules_seed0,rules,0,105,withdraw,hold,hold,positive,open,True,False,True,33.92
rules_seed1,rules,1,0,approach,positive,negative,hold,open,True,False,False,0.32
rules_seed1,rules,1,1,approach,positive,negative,hold,open,True,False,False,0.64
rules_seed1,rules,1,2,approach,positive,negative,hold,open,True,False,False,0.96
rules_seed1,rules,1,3,approach,positive,negative,hold,open,True,False,False,1.28
rules_seed1,rules,1,4,approach,positive,negative,hold,open,True,False,False,1.6
rules_seed1,rules,1,5,approach,positive,negative,hold,open,True,False,False,1.92
rules_seed1,rules,1,6,approach,positive,negative,hold,open,True,False,False,2.24
rules_seed1,rules,1,7,approach,positive,negative,hold,open,True,False,False,2.56
rules_seed1,rules,1,8,approach,positive,negative,hold,open,True,False,False,2.88
rules_seed1,rules,1,9,approach,positive,negative,hold,open,True,False,False,3.2
rules_seed1,rules,1,10,approach,positive,hold,hold,open,True,False,False,3.52
rules_seed1,rules,1,11,approach,positive,hold,negative,open,True,False,False,3.84
rules_seed1,rules,1,12,approach,positive,hold,negative,open,True,False,False,4.16
rules_seed1,rules,1,13,approach,positive,hold,negative,open,True,False,False,4.48
rules_seed1,rules,1,14,approach,hold,hold,negative,open,True,False,False,4.8
rules_seed1,rules,1,15,approach,hold,hold,negative,open,True,False,False,5.12
rules_seed1,rules,1,16,approach,hold,hold,negative,open,True,False,False,5.44
rules_seed1,rules,1,17,approach,hold,hold,negative,open,True,False,False,5.76
rules_seed1,rules,1,18,approach,hold,hold,negative,open,True,False,False,6.08
rules_seed1,rules,1,19,approach,positive,hold,negative,open,True,False,False,6.4
rules_seed1,rules,1,20,approach,hold,hold,negative,open,True,False,False,6.72
rules_seed1,rules,1,21,approach,hold,hold,negative,open,True,False,False,7.04
rules_seed1,rules,1,22,approach,hold,hold,negative,open,True,False,False,7.36
rules_seed1,rules,1,23,approach,positive,hold,negative,open,True,False,False,7.68
rules_seed1,rules,1,24,approach,hold,hold,negative,open,True,False,False,8.0
rules_seed1,rules,1,25,approach,hold,hold,negative,open,True,False,False,8.32
rules_seed1,rules,1,26,approach,positive,hold,negative,open,True,False,False,8.64
rules_seed1,rules,1,27,approach,hold,hold,negative,open,True,False,False,8.96
rules_seed1,rules,1,28,approach,hold,hold,negative,open,True,False,False,9.28
rules_seed1,rules,1,29,approach,positive,hold,negative,open,True,False,False,9.6
rules_seed1,rules,1,30,grasp,hold,hold,hold,close,True,True,False,9.92
rules_seed1,rules,1,31,grasp,hold,hold,hold,close,True,True,False,10.24
rules_seed1,rules,1,32,lift,hold,hold,positive,close,True,True,False,10.56
rules_seed1,rules,1,33,lift,hold,hold,positive,close,True,True,False,10.88
rules_seed1,rules,1,34,lift,hold,hold,positive,close,True,True,False,11.2
rules_seed1,rules,1,35,lift,hold,hold,positive,close,True,True,False,11.52
rules_seed1,rules,1,36,lift,hold,hold,positive,close,True,True,False,11.84
rules_seed1,rules,1,37,lift,hold,hold,positive,close,True,True,False,12.16
rules_seed1,rules,1,38,lift,hold,hold,positive,close,True,True,False,12.48
rules_seed1,rules,1,39,lift,hold,hold,positive,close,True,True,False,12.8
rules_seed1,rules,1,40,lift,hold,hold,positive,close,True,True,False,13.12
rules_seed1,rules,1,41,lift,hold,hold,positive,close,True,True,False,13.44
rules_seed1,rules,1,42,lift,hold,hold,positive,close,True,True,False,13.76
rules_seed1,rules,1,43,lift,hold,hold,positive,close,True,True,False,14.08
rules_seed1,rules,1,44,lift,hold,hold,positive,close,True,True,False,14.4
rules_seed1,rules,1,45,lift,hold,hold,positive,close,True,True,False,14.72
rules_seed1,rules,1,46,lift,hold,hold,positive,close,True,True,False,15.04
rules_seed1,rules,1,47,lift,hold,hold,positive,close,True,True,False,15.36
rules_seed1,rules,1,48,lift,hold,hold,positive,close,True,True,False,15.68
rules_seed1,rules,1,49,lift,hold,hold,positive,close,True,True,False,16.0
rules_seed1,rules,1,50,carry,positive,positive,positive,close,True,True,False,16.32
rules_seed1,rules,1,51,carry,positive,positive,hold,close,True,True,False,16.64
rules_seed1,rules,1,52,carry,positive,positive,hold,close,True,True,False,16.96
rules_seed1,rules,1,53,carry,positive,positive,hold,close,True,True,False,17.28
rules_seed1,rules,1,54,carry,positive,positive,hold,close,True,True,False,17.6
rules_seed1,rules,1,55,carry,positive,positive,hold,close,True,True,False,17.92
rules_seed1,rules,1,56,carry,positive,positive,hold,close,True,True,False,18.24
rules_seed1,rules,1,57,carry,positive,positive,positive,close,True,True,False,18.56
rules_seed1,rules,1,58,carry,positive,positive,hold,close,True,True,False,18.88
rules_seed1,rules,1,59,carry,positive,positive,hold,close,True,True,False,19.2
rules_seed1,rules,1,60,carry,positive,positive,hold,close,True,True,False,19.52
rules_seed1,rules,1,61,carry,positive,positive,hold,close,True,True,False,19.84
rules_seed1,rules,1,62,carry,hold,positive,hold,close,True,True,False,20.16
rules_seed1,rules,1,63,carry,hold,positive,hold,close,True,True,False,20.48
rules_seed1,rules,1,64,carry,hold,positive,hold,close,True,True,False,20.8
rules_seed1,rules,1,65,carry,hold,positive,hold,close,True,True,False,21.12
rules_seed1,rules,1,66,carry,hold,positive,hold,close,True,True,False,21.44
rules_seed1,rules,1,67,carry,hold,positive,hold,close,True,True,False,21.76
rules_seed1,rules,1,68,carry,hold,positive,hold,close,True,True,False,22.08
rules_seed1,rules,1,69,carry,hold,positive,positive,close,True,True,False,22.4
rules_seed1,rules,1,70,carry,hold,positive,hold,close,True,True,False,22.72
rules_seed1,rules,1,71,carry,hold,positive,hold,close,True,True,False,23.04
rules_seed1,rules,1,72,carry,hold,positive,hold,close,True,True,False,23.36
rules_seed1,rules,1,73,carry,hold,positive,hold,close,True,True,False,23.68
rules_seed1,rules,1,74,carry,hold,positive,hold,close,True,True,False,24.0
rules_seed1,rules,1,75,carry,hold,positive,hold,close,True,True,False,24.32
rules_seed1,rules,1,76,carry,hold,positive,hold,close,True,True,False,24.64
rules_seed1,rules,1,77,carry,hold,positive,hold,close,True,True,False,24.96
rules_seed1,rules,1,78,carry,positive,positive,hold,close,True,True,False,25.28
rules_seed1,rules,1,79,carry,hold,positive,hold,close,True,True,False,25.6
rules_seed1,rules,1,80,carry,hold,positive,hold,close,True,True,False,25.92
rules_seed1,rules,1,81,lower,hold,positive,negative,close,True,True,False,26.24
rules_seed1,rules,1,82,lower,hold,positive,negative,close,True,True,False,26.56
rules_seed1,rules,1,83,lower,hold,positive,negative,close,True,True,False,26.88
rules_seed1,rules,1,84,lower,positive,hold,negative,close,True,True,False,27.2
rules_seed1,rules,1,85,lower,hold,hold,negative,close,True,True,False,27.52
rules_seed1,rules,1,86,lower,hold,hold,negative,close,True,True,False,27.84
rules_seed1,rules,1,87,lower,positive,hold,negative,close,True,True,False,28.16
rules_seed1,rules,1,88,lower,hold,hold,negative,close,True,True,False,28.48
rules_seed1,rules,1,89,lower,hold,hold,negative,close,True,True,False,28.8
rules_seed1,rules,1,90,lower,positive,hold,negative,close,True,True,False,29.12
rules_seed1,rules,1,91,lower,hold,hold,negative,close,True,True,False,29.44
rules_seed1,rules,1,92,lower,hold,hold,negative,close,True,True,False,29.76
rules_seed1,rules,1,93,lower,positive,positive,negative,close,True,True,False,30.08
rules_seed1,rules,1,94,lower,hold,hold,negative,close,True,True,False,30.4
rules_seed1,rules,1,95,release,hold,hold,hold,open,True,False,True,30.72
rules_seed1,rules,1,96,withdraw,hold,hold,positive,open,True,False,True,31.04
rules_seed1,rules,1,97,withdraw,hold,hold,positive,open,True,False,True,31.36
rules_seed1,rules,1,98,withdraw,hold,hold,positive,open,True,False,True,31.68
rules_seed1,rules,1,99,withdraw,hold,hold,positive,open,True,False,True,32.0
rules_seed1,rules,1,100,withdraw,hold,hold,positive,open,True,False,True,32.32
rules_seed1,rules,1,101,withdraw,hold,hold,positive,open,True,False,True,32.64
rules_seed1,rules,1,102,withdraw,hold,hold,positive,open,True,False,True,32.96
rules_seed1,rules,1,103,withdraw,hold,hold,positive,open,True,False,True,33.28
rules_seed2,rules,2,0,approach,positive,negative,hold,open,True,False,False,0.32
rules_seed2,rules,2,1,approach,positive,negative,hold,open,True,False,False,0.64
rules_seed2,rules,2,2,approach,positive,negative,hold,open,True,False,False,0.96
rules_seed2,rules,2,3,approach,positive,negative,hold,open,True,False,False,1.28
rules_seed2,rules,2,4,approach,positive,negative,hold,open,True,False,False,1.6
rules_seed2,rules,2,5,approach,positive,negative,hold,open,True,False,False,1.92
rules_seed2,rules,2,6,approach,positive,negative,hold,open,True,False,False,2.24
rules_seed2,rules,2,7,approach,positive,negative,hold,open,True,False,False,2.56
rules_seed2,rules,2,8,approach,positive,hold,hold,open,True,False,False,2.88
rules_seed2,rules,2,9,approach,positive,hold,negative,open,True,False,False,3.2
rules_seed2,rules,2,10,approach,positive,positive,negative,open,True,False,False,3.52
rules_seed2,rules,2,11,approach,hold,positive,negative,open,True,False,False,3.84
rules_seed2,rules,2,12,approach,hold,positive,negative,open,True,False,False,4.16
rules_seed2,rules,2,13,approach,hold,positive,negative,open,True,False,False,4.48
rules_seed2,rules,2,14,approach,hold,positive,negative,open,True,False,False,4.8
rules_seed2,rules,2,15,approach,hold,positive,negative,open,True,False,False,5.12
rules_seed2,rules,2,16,approach,hold,positive,negative,open,True,False,False,5.44
rules_seed2,rules,2,17,approach,positive,hold,negative,open,True,False,False,5.76
rules_seed2,rules,2,18,approach,hold,hold,negative,open,True,False,False,6.08
rules_seed2,rules,2,19,approach,hold,hold,negative,open,True,False,False,6.4
rules_seed2,rules,2,20,approach,hold,hold,negative,open,True,False,False,6.72
rules_seed2,rules,2,21,approach,hold,hold,negative,open,True,False,False,7.04
rules_seed2,rules,2,22,approach,positive,hold,negative,open,True,False,False,7.36
rules_seed2,rules,2,23,approach,hold,hold,negative,open,True,False,False,7.68
rules_seed2,rules,2,24,approach,hold,positive,negative,open,True,False,False,8.0
rules_seed2,rules,2,25,approach,hold,hold,negative,open,True,False,False,8.32
rules_seed2,rules,2,26,approach,positive,hold,negative,open,True,False,False,8.64
rules_seed2,rules,2,27,approach,hold,hold,negative,open,True,False,False,8.96
rules_seed2,rules,2,28,approach,hold,hold,negative,open,True,False,False,9.28
rules_seed2,rules,2,29,grasp,hold,hold,hold,close,True,True,False,9.6
rules_seed2,rules,2,30,grasp,hold,hold,hold,close,True,True,False,9.92
rules_seed2,rules,2,31,lift,hold,hold,positive,close,True,True,False,10.24
rules_seed2,rules,2,32,lift,hold,hold,positive,close,True,True,False,10.56
rules_seed2,rules,2,33,lift,hold,hold,positive,close,True,True,False,10.88
rules_seed2,rules,2,34,lift,hold,hold,positive,close,True,True,False,11.2
rules_seed2,rules,2,35,lift,hold,hold,positive,close,True,True,False,11.52
rules_seed2,rules,2,36,lift,hold,hold,positive,close,True,True,False,11.84
rules_seed2,rules,2,37,lift,hold,hold,positive,close,True,True,False,12.16
rules_seed2,rules,2,38,lift,hold,hold,positive,close,True,True,False,12.48
rules_seed2,rules,2,39,lift,hold,hold,positive,close,True,True,False,12.8
rules_seed2,rules,2,40,lift,hold,hold,positive,close,True,True,False,13.12
rules_seed2,rules,2,41,lift,hold,hold,positive,close,True,True,False,13.44
rules_seed2,rules,2,42,lift,hold,hold,positive,close,True,True,False,13.76
rules_seed2,rules,2,43,lift,hold,hold,positive,close,True,True,False,14.08
rules_seed2,rules,2,44,lift,hold,hold,positive,close,True,True,False,14.4
rules_seed2,rules,2,45,lift,hold,hold,positive,close,True,True,False,14.72
rules_seed2,rules,2,46,lift,hold,hold,positive,close,True,True,False,15.04
rules_seed2,rules,2,47,lift,hold,hold,positive,close,True,True,False,15.36
rules_seed2,rules,2,48,lift,hold,hold,positive,close,True,True,False,15.68
rules_seed2,rules,2,49,carry,positive,positive,positive,close,True,True,False,16.0
rules_seed2,rules,2,50,carry,positive,positive,hold,close,True,True,False,16.32
rules_seed2,rules,2,51,carry,positive,positive,hold,close,True,True,False,16.64
rules_seed2,rules,2,52,carry,positive,positive,hold,close,True,True,False,16.96
rules_seed2,rules,2,53,carry,positive,positive,hold,close,True,True,False,17.28
rules_seed2,rules,2,54,carry,positive,positive,hold,close,True,True,False,17.6
rules_seed2,rules,2,55,carry,positive,positive,hold,close,True,True,False,17.92
rules_seed2,rules,2,56,carry,positive,positive,positive,close,True,True,False,18.24
rules_seed2,rules,2,57,carry,positive,positive,hold,close,True,True,False,18.56
rules_seed2,rules,2,58,carry,positive,positive,hold,close,True,True,False,18.88
rules_seed2,rules,2,59,carry,positive,positive,hold,close,True,True,False,19.2
rules_seed2,rules,2,60,carry,positive,positive,hold,close,True,True,False,19.52
rules_seed2,rules,2,61,carry,positive,positive,hold,close,True,True,False,19.84
rules_seed2,rules,2,62,carry,hold,positive,hold,close,True,True,False,20.16
rules_seed2,rules,2,63,carry,hold,positive,hold,close,True,True,False,20.48
rules_seed2,rules,2,64,carry,positive,positive,hold,close,True,True,False,20.8
rules_seed2,rules,2,65,carry,hold,positive,hold,close,True,True,False,21.12
rules_seed2,rules,2,66,carry,hold,positive,hold,close,True,True,False,21.44
rules_seed2,rules,2,67,carry,hold,positive,hold,close,True,True,False,21.76
rules_seed2,rules,2,68,carry,hold,positive,hold,close,True,True,False,22.08
rules_seed2,rules,2,69,carry,hold,positive,hold,close,True,True,False,22.4
rules_seed2,rules,2,70,carry,hold,positive,hold,close,True,True,False,22.72
rules_seed2,rules,2,71,carry,hold,positive,hold,close,True,True,False,23.04
rules_seed2,rules,2,72,carry,hold,positive,hold,close,True,True,False,23.36
rules_seed2,rules,2,73,carry,hold,positive,hold,close,True,True,False,23.68
rules_seed2,rules,2,74,carry,hold,positive,hold,close,True,True,False,24.0
rules_seed2,rules,2,75,carry,hold,positive,positive,close,True,True,False,24.32
rules_seed2,rules,2,76,carry,hold,positive,hold,close,True,True,False,24.64
rules_seed2,rules,2,77,carry,hold,positive,hold,close,True,True,False,24.96
rules_seed2,rules,2,78,lower,hold,positive,negative,close,True,True,False,25.28
rules_seed2,rules,2,79,lower,hold,positive,negative,close,True,True,False,25.6
rules_seed2,rules,2,80,lower,hold,positive,negative,close,True,True,False,25.92
rules_seed2,rules,2,81,lower,positive,hold,negative,close,True,True,False,26.24
rules_seed2,rules,2,82,lower,hold,hold,negative,close,True,True,False,26.56
rules_seed2,rules,2,83,lower,hold,hold,negative,close,True,True,False,26.88
rules_seed2,rules,2,84,lower,positive,positive,negative,close,True,True,False,27.2
rules_seed2,rules,2,85,lower,hold,hold,negative,close,True,True,False,27.52
rules_seed2,rules,2,86,lower,hold,hold,negative,close,True,True,False,27.84
rules_seed2,rules,2,87,lower,positive,hold,negative,close,True,True,False,28.16
rules_seed2,rules,2,88,lower,hold,hold,negative,close,True,True,False,28.48
rules_seed2,rules,2,89,lower,hold,hold,negative,close,True,True,False,28.8
rules_seed2,rules,2,90,lower,positive,hold,negative,close,True,True,False,29.12
rules_seed2,rules,2,91,lower,hold,hold,negative,close,True,True,False,29.44
rules_seed2,rules,2,92,lower,hold,hold,negative,close,True,True,False,29.76
rules_seed2,rules,2,93,release,hold,hold,hold,open,True,False,True,30.08
rules_seed2,rules,2,94,withdraw,hold,hold,positive,open,True,False,True,30.4
rules_seed2,rules,2,95,withdraw,hold,hold,positive,open,True,False,True,30.72
rules_seed2,rules,2,96,withdraw,hold,hold,positive,open,True,False,True,31.04
rules_seed2,rules,2,97,withdraw,hold,hold,positive,open,True,False,True,31.36
rules_seed2,rules,2,98,withdraw,hold,hold,positive,open,True,False,True,31.68
rules_seed2,rules,2,99,withdraw,hold,hold,positive,open,True,False,True,32.0
rules_seed2,rules,2,100,withdraw,hold,hold,positive,open,True,False,True,32.32
rules_seed2,rules,2,101,withdraw,hold,hold,positive,open,True,False,True,32.64
